เลขทะเบียน,ชื่อเรื่อง,รหัสหนังสือ,ตู้เก็บ,หมายเหตุ,,ชื่อผู้แต่ง,ประเภท
001316,กฏมณเฑียรบาล ฉบับเฉลิมพระเกียรติ ผลงานวิจัย ,,ชั้น 2,สำนักงานกองทุนสนับสนุนการวิจัย (สกว.),,ศจ.ดร.ปิยะวัฒน์ บุญ - หลง,
001317,"""ความขัดแย้ง ความชอบธรรม และการปฎิรูประบบรัฐ : การจัดสรรผลประโยชน์ที่เป็นธรรมในสังคมไทย""",303.6,ชั้น 2,การประชุมวิชาการสถาบันพระปกเกล้า ครั้งที่ 11 2554,,สถาบันพระปกเกล้า,
001318,งานวิจัย ภาษาของจิตรกรรมไทย การศึกษารหัสของภาพ และความหมายทางสังคมวัฒนธรรมของจิตรกรรมพุทธศาสนาต้นรัตนโกสินทร์,,ชั้น 2,สถาบันไทยคดีศึกษา มหาวิทยาลัยธรรมศาสตร์,,ปริตตา เฉลิมเผ่า กออนันตกูล,
001319,การวิจัย เรื่อง วิกฤตทางวัฒนธรรมกับการดำรงชีวิตของเยาวสตรี : ศึกษาผลกระทบของการพัฒนาชนบทภาคเหนือ (กรณีการปรับเปลี่ยนค่านิยมของชุมชน),,ชั้น 2,สำนักงานคณะกรรมการวัฒนธรรมแห่งชาติ (สวช.),,จิราลักษณ์ จงสถิตมั่น,
001320,งานวิจัย เรื่อง ความเชื่อทางศาสนาของชาวกะเหรี่ยง : กรณีศึกษาวันปีใหม่กะเหรี่ยง ที่วัดแจ้งเจริญ อำเภอวัดเพลง จังหวัดราชบุรี,,ชั้น 2,สำนักงานคณะกรรมการวัฒนธรรมแห่งชาติ (สวช.),,สุรินทร์ เหลือลมัย,
001321,เอกสารประกอบนิทรรศการ ประวัติศาสตร์ท้องถิ่น ที่ ศาลามโหสถ อ.ศรีมโหสถ จังหวัดปราจีนบุรี (ศาลาแบ่งปัน),,ชั้น 2,ศาลามโหสถ จังหวัดปราจีนบุรี,,สุจิตต์ วงษ์เทศ,
001322,เอกสารประกอบการสัมมนา เรื่อง ประวัติศาสตร์ไทยบนเส้นทางการเปลี่ยแปลง : การประมวลความรู้เพื่อการพัฒนาการวิจัยประวัติศาสตร์ไทย,,ชั้น 2,สำนักงานกองทุนสนับสนุนการวิจัย (สกว.),,อาจารย์ฉลอง สุนทราวาณิชย์ และคณะ,
001323,"โครงการวิจัย เรื่อง ""คนจีนกับการขยายตัวของเมืองบริเวณลุ่มน้ำชี""",,ชั้น 2,มหาวิทยาลัยมหาสารคาม,,นารีรัตน์ ปริสุทธิวุฒิพร,
001324,"โครงการวิจัย เรื่อง ""วิวัฒนาการและการเปลี่ยนแปลงของพื้นที่ภายในท้องถิ่น ริมฝั่งลุ่มน้ำชี""",,ชั้น 2,มหาวิทยาลัยมหาสารคาม,,สักรินทร์ ภู่ และคณะ,
001325,รายงานการวิจัย เรื่อง โครงการเศรษฐกิจที่ไม่เป็นทางการในลุ่มน้ำชี,,ชั้น 2,สำนักงานกองทุนสนับสนุนการวิจัย (สกว.),,ดร.ชินสัคค สุวรรณอัจฉริย,
001326,รายงานการวิจัย เรื่อง โครงการวิจัยประวัติศาสตร์การต่อสู้เพื่อการเข้าถึงทรัพยากรของคนเมืองน่าน,,ชั้น 2,สำนักงานกองทุนสนับสนุนการวิจัย (สกว.),,ดร.ชูศักดิ์วิทยาภัค และคณะ,
001327,รายงานการวิจัย เรื่อง การศึกษาสถานที่สำคัญในท้องถิ่นลุ่มน้ำชี โดยกระบวนการเรียนรู้ร่วมกัน,,ชั้น 2,สำนักงานกองทุนสนับสนุนการวิจัย (สกว.),,ธัญญา สังขพันธานนท์ และคณะ,
001328,"รายงานการวิจัย เรื่อง โครงการ ""รูปแบบการใช้ประโยชน์จากทรัพยากรธรรมชาติ ของชุมชนลุ่มน้ำชี""",,ชั้น 2,สำนักงานกองทุนสนับสนุนการวิจัย (สกว.),,ไพบูลย์ บุญไชย และคณะ,
001329,รายงานการวิจัย เรื่อง ความหลากหลายทางชีวภาพกับชุมชท้องถิ่นลุ่มน้ำชี,,ชั้น 2,สำนักงานกองทุนสนับสนุนการวิจัย (สกว.),,ศูภชัย สมัปปิโต และคณะ,
001330,รายงานการวิจัย เรื่อง การขยายตัวของชุมชนเมืองลุ่มน้ำชี,,ชั้น 2,สำนักงานกองทุนสนับสนุนการวิจัย (สกว.),,ถนอม ตะนา และคณะ,
001331,"รายงานการวิจัย เรื่อง โครงการ ""ของหน้าหมู่"" : ประวัติศาสตร์ตัวตนของชุมชนกลางหุบเขาแม่แจ่ม",,ชั้น 2,สำนักงานกองทุนสนับสนุนการวิจัย (สกว.),,สันติพงษ์ ช้างเผือก และคณะ,
001332,รายงานการวิจัย เรื่อง โครงการ วัฒนธรรมปลาและอาชีพประมงในชุมชนลุ่มแม่น้ำชี,,ชั้น 2,สำนักงานกองทุนสนับสนุนการวิจัย (สกว.),,วรพล เองวานิช และคณะ,
001333,รายงานการวิจัย เรื่อง ประวัติศาสตร์ท้องถิ่นการจัดการทรัพยากรส่วนรวมของชุมชน บริเวณลุ่มน้ำลาง - น้ำของ อำเภอปางมะผ้า จังหวัดแม่ฮ่องสอน,,ชั้น 2,สำนักงานกองทุนสนับสนุนการวิจัย (สกว.),,อารยะ ภูสาหัส และคณะ,
001334,รายงานการวิจัย เรื่อง โครงการวิจัย ประวัติศาสตร์ท้องถิ่นภาคกลาง ...เมื่อกะเหรี่ยงสวนผึ้งลุกขึ้นพูด.....,,ชั้น 2,สำนักงานกองทุนสนับสนุนการวิจัย (สกว.),,วุฒิ บุญเลิศ และคณะ,
001335,โครงการประวัติศาสตร์ท้องถิ่นภาคเหนือ : ประวัติศาสตร์เพื่อชุมชน,,ชั้น 2,สำนักงานกองทุนสนับสนุนการวิจัย (สกว.),,รศ.ดร.จิราภรณ์ สถาปนะวรรธนะ,
001336,พุทธศาสนาในเมืองไทย  ที่เต็มไปด้วยขวากหนาม,294.3,ชั้น 2,บริษัท ส่องศยาม จำกัด จัดพิมพ์,,ส.ศิวรักษ์,
001337,หนังสือทำเนียบวัดแห่งประเทศไทย รวม 72 จังหวัด (ฉบับพิเศษ โดยเสด็จพระราชกุกศล For Royal Charity) {Directory of all Monasteries in Thailand},294.365,ชั้น 2,วัชรินทร์การพิมพ์ จัดพิมพ์,,วรัญชัย โภคัยคหบดี,
001338,ฟื้นชีวิตคืนจิตวิญญาณ ทวารวดี {Enliven the Spirit of Dvaravali},294.309,ชั้น 2,วิทยาลัยสงฆ์พุทธปัญญาศรีทวารวดี,,ดร.พระถนัด วฑฺฒโน และคณะ,
001339,อมตะพระกรุ วัดราชบูรณะ อยุธยา พระกรุที่ยิ่งใหญ่ที่สุดแห่งแผ่นดินสยาม,394.335,ชั้น 2,สำนักพิมพ์คเณศ์พร จัดพิมพ์,,คเณศ์พร,
001340,ตรีมูรติ อภิมหาเทพของฮินดู,294.513,ชั้น 2,สำนักพิมพ์เมืองโบราณ,,อรุณศักดิ์ กิ่งมณี,
001341,วัดพระเชตุพน มัชฌิมประเทศอันวิเศษในชมพูทวีป,294.3,ชั้น 2,ศิลปวัฒนธรรม (ฉบับพิเศษ),,วัชรี วัชรสินธุ์,
001342,ตำนานพระพุทธรูปสำคัญ ,294.3351,ชั้น 2,มูลนิธิ สมเด็จฯ กรมพระยาดำรงราชานุภาพ,,สมเด็จฯ กรมพระยาดำรงราชานุภาพ,
001343,วัดใหม่ประชุมพล อำเภอนครหลวง จังหวัดพระนครศรีอยุธยา,294.3,ชั้น 2,สำนักศิลปากรที่ 3 พระนครศรีอยุธยา,,ภัทรพงษ์ เก่าเงิน,
001344,วัดร้างในเมืองอยุธยา {The Deserted Temple in Ayutthaya},294.3,ชั้น 2,ศูนย์การศึกษานานาชาติ มหาวิทยาลัยราชภัฏพระนครศรีอยุธยา,,Ken May (เคน เมย์),
001345,หลวงพ่ออุตตมะ หลวงพ่อใหญ่ของชาวมอญ (ผู้นำทางวัฒนธรรมกับการธำรงชาติพันธ์ของชุมชนมอญพลัดถิ่นสังขละบุรี),294.363,ชั้น 2,ศิลปวัฒนธรรม (ฉบับพิเศษ),,อรวรรณ ทับสกุล,
001346,"""ประเพณีสร้างสรรค์"" ในสังคมไทยร่วมสมัย (ชุดสังคม : วัฒนธรรมร่วมสมัย ลำดับที่ 1)",390.9593,ชั้น 2,ศูนย์มานุษยวิทยาสิรินธร (องค์การมหาชน),,ศิราพร ณ ถลาง,
001347,เรื่องเล่าพื้นบ้านไทย ในโลกที่เปลี่ยนแปลง  (ชุดสังคม : วัฒนธรรมร่วมสมัย ลำดับที่ 2),306.09593,ชั้น 2,ศูนย์มานุษยวิทยาสิรินธร (องค์การมหาชน),,ศิราพร ณ ถลาง,
001348,ตำรารำ,792.8,ชั้น 2,กองวรรณกรรมและประวัติศาสตร์ กรมศิลปากร,,ผกาวรรณ เดชเทวพร,
001349,หอพระสมุดวชิรญาณสำหรับพระนคร (เฉลิมพระเกียรติเนื่องในมหามงคลสมัยพระบาทสมเด็จพระจุลจอมเกล้าเจ้าอยู่หัว เสด็จประพาสยุโรป ครบ 100 ปี พ.ศ.2540),27.5593,ชั้น 2,กรมศิลปากร จัดพิมพ์,,ศจ.คุณหญิงแม้นมาส ชวลิต และคณะ,
001350,กรุงเทพฯ 2488 - 2539 (หนังสือภาพถ่ายทางอากาศ),915.93,ชั้น 2,กรมศิลปากร จัดพิมพ์,,สมคิด โชติกวณิชย์,
001351,เมื่อตะวันออกพบตะวันตก : พิพิธสมบัติพระราชา ณ วังหน้า,923.1595,ชั้น 2,กรมศิลปากร จัดพิมพ์,,จารุณี อินเฉิดฉาย และคณะ,
001352,แลหลัง.....เมืองตรัง,959.31,ชั้น 2,กรมศิลปากร จัดพิมพ์,,สุนทรี สังข์อยุทธิ์,
001353,ประเพณีสิบสองเดือน จังหวัดลำปาง,392,ชั้น 2,สภาวัฒนธรรมจังหวัดลำปาง,,สำนักงานวัฒนธรรมจังหวัดลำปาง,
001354,พิพิธภัณฑสถานแห่งชาติประจำเมืองกำแพงเพชร (โครงการเฉลิมพระเกียรติพระบาทสมเด็จพระเจ้าอยู่หัวภูมิพลอดุลยเดช เนื่องในพระราชพิธีกาญจนาภิเษก ครบ 50 ปี),708.9,ชั้น 2,กองงานในพระองค์สมเด็จพระเทพรัตนราชสุดาฯ สยามบรมราชกุมารี,,ท่านผู้หญิงมนัสนิตย์ วณิกกุล,
001355,Legend in the Weaving,667.6,ชั้น 2,The Japan Foundation Asia Center (ส.ป.ป. ลาว) 2001,,Somsanu,
001356,จากนานามาลยรัฐ สู่มาเลเซียและสิงคโปร์ ในปัจจุบัน,959.5,ชั้น 2,กรมศิลปากร จัดพิมพ์,,เสาวลักษณ์ กีชานนท์ และคณะ,
001357,ความสัมพันธ์ อิหร่าน - ไทย ทางด้านประวัติศาสตร์และวัฒนธรรม {Iran - Thai Historical and Cultural Relationships},341.76,ชั้น 2,ศูนย์วัฒนธรรมสถานเอกอัครราชฑูตสาธารณรัฐอิสลามแห่งอิหร่าน,,ดร.กิติมา อมรทัต ,
001358,เอกสารทางวิชาการ : สมบัติอีสานใต้,390.11,ชั้น 2,วิทยาลัยครูบุรีรัมย์,,บัณฑิต วงษ์แก้ว,
001359,ไขภาษิตโบราณอีสาน,417,ชั้น 2,โรงพิมพ์ศิริธรรม จัดพิมพ์,,ปรีชา พิณทอง,
001360,วรรณกรรมไทย คำกาพย์ เรื่อง มหาภารตยุทธ,895.5,ชั้น 2,มูลนิธิธนาคารกรุงเทพ พิมพ์เพื่อบำรุงและส่งเสริมวรรณกรรมไทย,,สุภร ผลชีวิน,
001361,รวมบทกวี .....ทาง.....,895.911,ชั้น 2,สำนักพิมพ์แม่คำผาง (ในเครือบริษัท ชนนิยม จำกัด),,ปรีดา ข้าวบ่อ,
001362,จินดามณี ฉบับความแปลก / ฉบับพระเจ้าบรมโกศ / ฉบับจุลศักราช 1144 (2558),495.918,ชั้น 2,สำนักวรรณกรรมและประวัติศาสตร์ กระทรวงวัฒนธรรม กรมศิลปากร ,,บุญเตือน ศรีวรพจน์,
001363,นิทานคำกลอนสุนทรภู่ เรื่อง ลักษณวงศ์,895.9112,ชั้น 2,สำนักวรรณกรรมและประวัติศาสตร์ กระทรวงวัฒนธรรม กรมศิลปากร ,,พันธุ์อร จงประสิทธิ์,
001364,อำนาจ พื้นที่ และอัตลักษณ์ทางชาติพันธุ์ : การเมือง วัฒนธรรมของรัฐชาติในสังคมไทย (2),320,ชั้น 2,ศูนย์มานุษยวิทยาสิรินธร (องค์การมหาชน),,ยศ สันตสมบัติ,
001365,นิราศพระปรางค์ วัดทองล้น อยู่เหนือ / วัดทองเหลือ อยู่ใต้ / วัดใน (วัดทุ่งยั้ง) อยู่ตะวันตก,91,ชั้น 2,เจ้าอาวาสวัดพระยืนพุทธบาทยุคล จังหวัดอุตรดิตถ์,,พระอาจารย์ทองคำ ศรีรอด,
001366,หนังสือชุดดนตรีไทย : เพลงลูกกรุง,781.4,ชั้น 2,สำนักงานอุทยานการเรียนรู้,,ไพบูลย์ สำราญภูติ,
001367,หนังสือชุดดนตรีไทย : เพลงพื้นบ้าน,781.4,ชั้น 2,สำนักงานอุทยานการเรียนรู้,,อเนก นาวิกมูล และคณะ,
001368,หนังสือชุดดนตรีไทย : เพลงลูกทุ่ง,781.41,ชั้น 2,สำนักงานอุทยานการเรียนรู้,,เจนภพ จบกระบวนวรรณ,
001369,หนังสือชุดดนตรีไทย : ดนตรีไทยเดิม,781,ชั้น 2,สำนักงานอุทยานการเรียนรู้,,อานันท์ นาคคง,
001370,หนังสือชุดดนตรีไทย : เครื่องดนตรีไทย,784.19593,ชั้น 2,สำนักงานอุทยานการเรียนรู้,,อัษฏาวุธ สาคริก,
001371,บทดอกสร้อยสวรรค์ ครั้งกรุงเก่า,895.9602,ชั้น 2,สำนักวรรณกรรมและประวัติศาสตร์ กระทรวงวัฒนธรรม กรมศิลปากร ,,บุญเตือน ศรีวรพจน์,
001372,กวีนิพนธ์ มนุษยานุภาพ ,128,ชั้น 2,บริษัท ภาพพิมพ์ จำกัด (โดย วรา จันทร์มณี),,วรา จันทร์มณี,
001373,รายงานและสรุปภาพรวมสำหรับผู้บริหาร (โครงการศึกษาแนวทางพัฒนาและฟิ้นฟูที่อยู่อาศัยที่ส่งเสริมเอกลักษณ์ของเมือง),653.8,ชั้น 2,มหาวิทยาลัยมหาสารคาม,,คณะผู้วิจัย,
001374,ตำราภูมิปัญญา การผลิตพริกไทยในจันทบุรี จำนวน 2 เล่ม,615,ชั้น 2,กรมส่งเสริมการเกษตร,,เฉลิมชล ช่างถม,
001375,10 ชุมชนท่องเที่ยวเชิงวัฒนธรรม ปี 2559 {Cultural TourismCommunities} CTC 2016,915.94,ชั้น 2,กรมส่งเสริมวัฒนธรรม,,พิมพ์รวี วัฒนวรางกูล,
001376,ที่ระลึกงานทำบุญฉลอง 100 ปี วัดจันเสน ต.จันเสน อ.ตาคลี จ.นครสวรรค์ 19 - 21 เมษายน 2551,91,ชั้น 2,เจ้าอาวาสวัดจันเสน จัดพิมพ์,,พระครูนิวิฐธรรมขันธ์,
001377,ยอดอาหารอร่อย ย่อยอาหารเอร็ด เล่ม 1,641.5,ชั้น 2,บริษัท ซีนิท เซ็นทรัล จำกัด (โดย พันธุ์เทพ อรรถไกวัลวที),,พันธุ์เทพ อรรถไกวัลวที,
001378,อาหาร ที่เกี่ยวกับความเชื่อและพิธีกรรมที่เกี่ยวเนื่อง,394.12,ชั้น 2,กรมศิลปากร จัดพิมพ์,,ฉวีงาม มาเจริญ และคณะ,
001379,ฮูปแต้ม ในสิมอีสาน งานศิลป์สองฝั่งโขง (ของกินบ่กินมันเน่า ของเก่าบ่เล่ามันลืม),930.1,ชั้น 2,ศิลปวัฒนธรรม (ฉบับพิเศษ),,สุมาลี เอกชนนิยม,
001380,จักรวาลวิทยา : บทความเพื่อเป็นเกียรติแก่ นิธิ เอียวศรีวงศ์,808.54,ชั้น 2,ศิลปวัฒนธรรม (ฉบับพิเศษ),,ธเนศ วงศ์ยานนาวา,
001381,ปราสาทขอม ในดินแดนไทย ความเป็นมาและข้อมูลด้านประวัติศาสตร์ศิลปะ,959.6,ชั้น 2,ศิลปวัฒนธรรม (ฉบับพิเศษ),,รุ่งโรจน์ ธรรมรุ่งเรือง,
001382,งานช่าง สมัยพระนั่งเกล้าฯ (ทูลเรื่องอื่นมิได้ชื่นเหมือนเรื่องวัด เวียนแต่ตรัสถามได้ให้ไฝ่ฝัน.....),745.5,ชั้น 2,ศิลปวัฒนธรรม (ฉบับพิเศษ),,ศักดิ์ชาย สายสิงห์,
001383,"เกิดเป็นกำมุ ชีวิตและหมู่บ้าน {Being Kammu : My Village and My Live} การเขียนวัฒนธรรมและวิถีชีวิตของชาวกำมุ จากมุมมองของ ""คนใน""",307.772,ชั้น 2,ศิลปวัฒนธรรม (ฉบับพิเศษ),,ดำรง ทายานิน (เขียน) / ปราณี วงษ์เทศ (แปล),
001384,พระพิฆเนศ มหาเทพฮินดู ชมพูทวีปและอุษาคเนย์ {Genesha The Great Hindo God in India and Southeast Asia},294.5,ชั้น 2,ศิลปวัฒนธรรม (ฉบับพิเศษ),,ไมเคิล ไรท์,
001385,พระอภิเนาว์นิเวศน์ พระราชนิเวศน์ในพระบาทสมเด็จพระจอมเกล้าเจ้าอยู่หัว รัชกาลที่ 4 ,959.371,ชั้น 2,ศิลปวัฒนธรรม (ฉบับพิเศษ),,หม่อมราชวงศ์แน่งน้อย ศักดิ์ศรี,
001386,ประเพณี 12 เดือน ในประวัติศาสตร์สังคมวัฒนธรรม เพื่อความอยู่รอดของคน,392,ชั้น 2,ศิลปวัฒนธรรม (ฉบับพิเศษ),,ปราณี วงษ์เทศ,
001387,"มุสลิมผู้นำ ""ปฐมจุฬาราชมนตรี"" คนแรกในสยาม (การเดินทางของท่านเฉกอะหมัด จาก เปอร์เซีย (อิหร่าน) ถึง สยาม (กรุงงศรีอยุธยา)",922,ชั้น 2,ศิลปวัฒนธรรม (ฉบับพิเศษ),,พิทยา บุนนาค,
001388,"อักษร ภาษา จารึก วรรณกรม รวมบทนิพนธ์ ""เสาหลักทางวิชาการ"" ของ ศาสตราจารย์ ดร.ประเสริฐ ณ นคร",410,ชั้น 2,ศิลปวัฒนธรรม (ฉบับพิเศษ),,สุจิตต์ วงษ์เทศ,
001389,พระภรรยาเจ้า และสมเด็จเจ้าฟ้า ในรัชกาลที่ 5,923.1,ชั้น 2,สำนักพิมพ์เมืองโบราณ,,นายแพทย์จิรวัฒน์ อุตตมะกุล,
001390,ข้ามขอบฟ้า 60 ปี ชิเกฮารุ ทานาเบ,928.953,ชั้น 2,ศูนย์มานุษยวิทยาสิรินธร (องค์การมหาชน),,ขวัญชีวัน บัวแดง,
001391,"พระบาทสมเด็จพระจุลจอมเกล้าฯ - เจ้าแผ่นดินสยาม ""สยามินทร์ปิ่นธเรศเจ้า จุลจอม จักรเอย""",923.1593,ชั้น 2,สำนักพิมพ์เมืองโบราณ,,ดร.ธิดา สาระยา,
001392,สืบค้นเรื่องไท(ย) : ความเป็นไปทางวัฒนธรรม,306.4,ชั้น 2,สถาบันไทยคดีศึกษา มหาวิทยาลัยธรรมศาสตร์,,รศ.ดร.ภัทรพร สิริกาญจน และคณะ,
001393,ทฤษฎี และวิธีวิทยา ของการวิจัยวัฒนธรรม การทะลุกรอบและกับดักของความคิดแบบคู่ตรงกันข้าม,301.74,ชั้น 2,สำนักพิมพ์อมรินทร์,,อานันท์ กาญจนพันธุ์,
001394,สมเด็จอินทร์,923.1,ชั้น 2,โครงการสร้างประวัติศาสตร์สังคมย่านเมืองเก่ากรุงเทพฯ,,ชุลิตา อารีย์พิพัฒน์กุล,
001395,"ไขศรี ศรีอรุณ จากคุณครู.....สู่คุณหญิง ""โชคชะตา"" เป็นเพียงโอกาสที่ผ่านมา และผ่านไป หากไร้การ ""ลงมือทำ""",923.2,ชั้น 2,คณะวิทยาการจัดการ มหาวิทยาลัยศิลปากร,,พรชัย เพชรปลอด,
001396,ส่วนหนึ่งของความทรงจำ 20 ปี 14 ตุลา : แลไปข้างหน้า 20 ปี 14 ตุลา,923.2,ชั้น 2,บริษัท สำนักพิมพ์วิญญูชน จำกัด,,ธีรยุทธ บุญมี,
001397,หลวงพ่อขี้หอม (เจ้าราชครูหลวงโพนสะเม็ก) พระสงฆ์ผู้นำชุมชนและการเมืองสองฝั่งโขง รวมเอกสารเก่าจากตำนาน ฯ,922.943,ชั้น 2,ศิลปวัฒนธรรม (ฉบับพิเศษ),,สุจิตต์ วงษ์เทศ,
001398,ประวัติศาสตร์ศิลปะไทย : การสังเขปประเด็นใหม่จากงานวิจัย,959,ชั้น 2,คณะโบราณคดี มหาวิทยาลัยศิลปากร,,ผู้ช่วยศจ.ดร.อธิรัชญ์ ไชยพจน์พานิช,
001399,ตามเส้นทางงานช่างโบราณ : ประวัติศาสตร์ศิลปะกับการท่องเที่ยว,745,ชั้น 2,คณะโบราณคดี มหาวิทยาลัยศิลปากร,,ศิริพจน์ เหล่ามานะเจริญ,
001400,ขอคุยกับ คุณอานันท์ * เนาวรัตน์ พงษ์ไพบูลย์ และคนอื่น ๆ,923.2,ชั้น 2,สำนักพิมพ์มติชน,,ประยงค์ คงเมือง,
001401,ศัพท์บัญญัติ เกี่ยวกับการแก้ปัญหา และ ความขัดแย้ง,303.603,ชั้น 2,สถาบันพระปกเกล้า,,ศ.นพ.วันชัย วัฒนศัพท์ และคณะ,
001402,ชื่อบ้านนามเมือง เมืองพระประแดง นครเขื่อนขันธ์ อำเภอพระประแดง จังหวัดสมุทรปราการ,959,ชั้น 2,สำนักงานคณะกรรมการวัฒนธรรมแห่งชาติ (สวช.),,สุจิตต์ วงษ์เทศ,
001403,นิราศเมืองแกลง ของ สุนทรภู่ ,923.1593,ชั้น 2,กองทุนสุนทรภู่  (เจ้าอาวาสวัดเทพธิดาราม),,สุจิตต์ วงษ์เทศ,
001404,สงกรานต์ ขึ้นฤดูกาลใหม่ (ปีใหม่) ของพราหมณ์สุวรรณภูมิ,394,ชั้น 2,โรงพิมพ์มติชน ปากเกร็ด,,สุจิตต์ วงษ์เทศ,
001405,พระพุทธเจ้าตรัสรู้อะไร พระบาทสมเด็จพระรามาธิบดีศรีสินทร์ มหาวชิราวุธ พระมงกุฎเกล้าเจ้าอยู่หัว ทรงพระราชนิพนธ์,294.361,ชั้น 2,กระทรวงวัฒนธรรม จัดพิมพ์,,อนุสรณ์ วงศ์วรรณ,
001406,จากสมุดบันทึก นายเรือตรีมงคล มงคลนาวิน สำหรับจดวิชาเบ๊ตเล็กต่าง ๆ,923.2,ชั้น 2,สงวนลิขสิทธิ์ โดย ดร.อุกฤษ มงคลนาวิน,,ดร.อุกฤษ - ท่านผู้หญิงมณฑินี มงคลนาวิน,
001407,"""มงคลนาวิน"" นามสกุลพระราชทาน ครบหนึ่งร้อยปี 14 ธันวาคม พุทธศักราช 1457 - 2557",923.2,ชั้น 2,สงวนลิขสิทธิ์ โดย ดร.อุกฤษ มงคลนาวิน,,ดร.อุกฤษ - ท่านผู้หญิงมณฑินี มงคลนาวิน,
001408,"""สุวรรณทัต"" นามสกุลพระราชทาน บรรจบหนึ่งร้อยปี 5/7/2556",923.2,ชั้น 2,ข้อมูล : เครือญาติสุวรรณทัต,,ศาสตราจารย์พิเศษธงทอง จันทรางศุ,
001409,"ชุดสังคม - วัฒนธรรมร่วมสมัย ลำดับที่ 3 ""มองคติชน เห็นตัวตนชาติพันธุ์""",341.482,ชั้น 2,ศูนย์มานุษยวิทยาสิรินธร (องค์การมหาชน),,ศิราพร ณ ถลาง,
001410,ว่าด้วยแนวทางการศึกษาชาติพันธุ์ เรื่อง ชาติ - ชาติพันธุ์,370.19,ชั้น 2,ศูนย์มานุษยวิทยาสิรินธร (องค์การมหาชน),,วิภาส ปรัชญาภรณ์,
001411,อาณานิคมทางปัญญา ในประชาธิปไตยไทย,320,ชั้น 2,มูลนิธิเล็ก - ประไพ วิริยะพันธุ์,,ศรีศักร วัลลิโภดม,
001412,รวมบทความ ทางสังคมวิทยาและมานุษยวิทยา ปี 2549 เนื่องในโอกาสเกษียณอายุราชการของ ศ.ดร.อมรา พงศาพิชญ์,30.1,ชั้น 2,คณะรัฐศาสตร์ จุฬาลงกรณ์มหาวิทยาลัย,,จุฑารัตน์ เอื้ออำนวย,
001413,วัฒนธรรมคือความหมาย ทฤษฎีและวิธีการของคลิฟฟอร์ด เกียร์ซ,306.31,ชั้น 2,ศูนย์มานุษยวิทยาสิรินธร (องค์การมหาชน),,อคิน รพีพัฒน์,
001414,ชาติพันธุ์กับการแพทย์,613,ชั้น 2,ศูนย์มานุษยวิทยาสิรินธร (องค์การมหาชน),,วิภาส ปรัชญาภรณ์,
001415,"หนังสือชุด ""นักคิดและความคิด"" ประวัติศาสตร์ของประวัติศาสตร์",959,ชั้น 2,ศูนย์มานุษยวิทยาสิรินธร (องค์การมหาชน),,จอห์น เอช อาร์โนลด์ (เขียน) / ไชยันต์ รัชชกุล (แปล),
001416,"หนังสือชุด ""นักคิดและความคิด"" หลังโครงสร้างนิยม ฉบับย่อ",190,ชั้น 2,ศูนย์มานุษยวิทยาสิรินธร (องค์การมหาชน),,แคทเธอรีน เบลซีย์ (เขียน) / อภิญญา เฟื่องฟูสกุล (แปล),
001417,สืบสายพันธุ์มนุษย์ การศึกษามานุษยวิทยากายภาพในประเทศไทย,120.11,ชั้น 2,ศูนย์มานุษยวิทยาสิรินธร (องค์การมหาชน),,สรรใจ แสงวิเชียร,
001418,การขุดค้นโบราณคดี  ณ วัดพระมหาธาตุวรมหาวิหาร นครศรีธรรมราช (คณะกรรมการนำเสนอวัดพระมหาธาตุวรมหาวาร เพื่อขึ้นบัญชีเป็นมรดกโลก),930.10283,ชั้น 2,กรมศิลปากร และ จังหวัดนครศรีธรรมราช จัดพิมพ์,,ภาณุวัฒน์ เอื้อสามาลย์,
001419,นิทรรศน์ตรัสรู้ (พุทธชยันตี 2600 ปี แห่งการตรัสรู้ พุทธศักราช 2555),294.33,ชั้น 2,หอจดหมายเหตุ พุทธทาส อินทปัญโญ จัดพิมพ์,,พุทธทาส อินทปัญโญ,
001420,เมืองอุไทยธานี เอกสารประวัติศาสตร์และโบราณคดีเมืองอุไทยธานี,959.3,ชั้น 2,สมาคมสื่อวัฒนธรรมและสิ่งแวดล้อม,,พลาดิศัย สิทธิธัญกิจ,
001421,รอยเหมือง สารคดีภาพเล่าเรื่องเหมืองแร่ในเมืองไทย,622.2,ชั้น 2,สำนักงานคณะกรรมการสุขภาพแห่งชาติ (สข.),,บำเพ็ญ ไชยรักษ์,
001422,สรรค์สร้างอย่างไทย ผลงานสร้างสรรค์สถาปัตยกรรมไทยฝีมือ วนิดา พึ่งสุนทร,720.15,ชั้น 2,คณะสถาปัตยกรรม มหาวิทยาลัยศิลปากร,,ศจ.อรศิริ ปาณินท์ และคณะ,
001423,สมุทรสงคราม ประวัติศาสตร์ ศิลปะ วัฒนธรรม,959.3,ชั้น 2,สำนักงานวัฒนธรรม จังหวัดสมุทรสงคราม,,สมศักดิ์ ทรัพย์ทวีพร และคณะ,
001424,60 ปี น้องใหม่จุฬาฯ รุ่นปี 2500,658.41,ชั้น 2,คณะสถาปัตยกรรม จุฬาลงกรณ์มหาวิทยาลัย,,สรรใจ แสงวิเชียร,
001425,60 ปี มูลนิธิเพื่อศูนย์กลางอิสลามแห่งประเทศไทย,922,ชั้น 2,สำนักงานมูลนิธิเพื่อศูนย์กลางอิสลามแห่งประเทศไทย,,เกรียงไกร วัชรปรียากร,
001426,99 ปี หอพระสมุดสำหรับพระนคร ตึกถาวรวัตถุ พ.ศ. 2558 หอสมุดปิยมหาราชรฦก (นิทรรศการเฉลิมพระเกียรติพระบาทสมเด็จพระจุลจอมเกล้าเจ้าอยู่หัว),26.9231583,ชั้น 2,กรมศิลปากร จัดพิมพ์,,วงจันทร์ รอดจีน,
001427,ประวัติศาสตร์ เมืองสรรค์บุรี (ฉบับวิพากษ์) มหาวิทยาลัยราชภัฎจันทรเกษม - ชัยนาท 9/12/2553,959.3,ชั้น 2,มหาวิทยาลัยราชภัฎจันทรเกษม - ชัยนาท,,ธนพงศ์ มรรคผล,
001428,วัฒนธรรม วิถีชีวิตและภูมิปัญญา,306.411,ชั้น 2,กรมส่งเสริมวัฒนธรรม,,สุนันทา มิตรงาม,
001429,พระมหากรุณาธิคุณ พระบรมราชจักรีวงศ์ ต่อ สถาบันจิตเวชศาสตร์สมเด็จเจ้าพระยา,923.1,ชั้น 2,สถาบันจิตเวชศาสตร์สมเด็จเจ้าพระยา,,รองรศ.วัชรา คลายนาทร,
001430,สถาบันจิตเวชศาสตร์สมเด็จเจ้าพระยา 5 แผ่นดิน ครบรอบ 118 ปี ,923.1,ชั้น 2,สถาบันจิตเวชศาสตร์สมเด็จเจ้าพระยา,,นายแพทย์ปรีชา ศตวรรษธำรง,
001431,นักวิจัยชาวบ้าน,*011.12,ชั้น 2,สำนักงานกองทุนสนับสนุนการวิจัย (สกว.),,อาทิตย์ เคนมี,
001432,สวัสดิการผู้สูงวัย ปลายทางชีวิตออกแบบได้,649.8,ชั้น 2,สำนักงานกองทุนสนับสนุนการวิจัย (สกว.),,อาทิตย์ เคนมี,
001433,"""คนจนเมือง"" มนุษย์แปลกหน้าในนครเหลื่อมล้ำ",362.58,ชั้น 2,สำนักงานกองทุนสนับสนุนการวิจัย (สกว.),,อาทิตย์ เคนมี,
001434,เมื่อคนพิการเป็นนักวิจัย,*011,ชั้น 2,สำนักงานกองทุนสนับสนุนการวิจัย (สกว.),,อาทิตย์ เคนมี,
001435,การค้าและการลงทุน ในกัมพูชา,959.6,ชั้น 2,สำนักพิมพ์มหาวิทยาลัยราชภัฏจันทรเกษม,,สุมาลี ไชยศุภรากุล และคณะ,
001436,หอจดหมายเหตุ และพิพิธภัณฑ์ระบบสุขภาพไทย,*021,ชั้น 2,สำนักบริหารหอจดหมายเหตุและพิพิธภัณฑ์ระบบสุขภาพไทย,,,
001437,พระบรมราชประวัติพระบาทสมเด็จพระจ้าวอยู่หัว ทั้ง 4 รัชกาล กรุงรัตนโกสินทร์ มีพระบรมรูป ทั้ง 4 พระองค์ด้วย คือ พระราชพงศาวดารกรุงรัตนโกสินทร์ 4 แผ่นดิน (2 เล่ม),929.7,ชั้น 2,พิพิธภัณฑสถานแห่งชาติ จังหวัดร้อยเอ็ด,,ก.ศ.ร. กุหลาบ,
001438,เอกสารของเฮนรี่ เบอร์นี่ เล่ม 2 ตอน 3 ,327.420593,ชั้น 2,กรมศิลปากร จัดพิมพ์,,น้อม นิลรัตน์ ณ อยุธยา (แปล),
001439,RDI ก้าวสู่บูรณาการองค์ความรู้ การวิจัยเพื่อการพัฒนาที่ยั่งยืน,*011.1,ชั้น 2,สถาบันวิจัยและพัฒนา มหาวิทยาลัยขอนแก่น,,ธนจักร เย็นบำรุง,
001440,พลวัต สังคมและวัฒนธรรมอนุภูมิภาคลุ่มน้ำโขง มุมมองจากนักมานุษยวิทยาชายขอบ,306,ชั้น 2,มหาวิทยาลัยอุบลราชธานี,,สมหมาย ชินนาค,
001441,ชุมชนกับการปกครองชีวญาณ : กลุ่มผู้ติดเชื้อเอชไอวี ในภาคเหนือของไทย,306.45,ชั้น 2,ศูนย์มานุษยวิทยาสิรินธร (องค์การมหาชน),,ชิเกฮารุ ทานาเบ,
001442,คลิตี้ สายน้ำ ชุมชน และพิษตะกั่ว (2 เล่ม),306,ชั้น 2,กลุ่มศึกษาและรณรงค์มลภาวะอุตสาหกรรม,,เกื้อเมธา ฤกษ์พรพิพัฒน์,
001443,ครอบมือ 2 (โครงการฟื้นฟู อนุรักษ์และสืบทอดมรดกศิลปวัฒนธรรมภาคใต้เพื่อการพัฒนา,306.4,ชั้น 2,มหาวิทยาลัยทักษิณ,,จรูญ หยูทอง,
001444,พิพิธภัณฑ์ ของคนธรรมดา,708,ชั้น 2,มูลนิธิเล็ก - ประไพ วิริยะพันธุ์,,วลัยลักษณ์ ทรงศิริ,
001445,ตลาดในชีวิต ชีวิตในตลาด,331.12,ชั้น 2,ศูนย์มานุษยวิทยาสิรินธร (องค์การมหาชน),,สมรักษ์ ชัยสิงห์กานานนท์,
001446,อัตลักษณ์ชุมชนริมน้ำ : แม่กลองและบางปะกง,307.14,ชั้น 2,คณะสถาปัตยกรรม จุฬาลงกรณ์มหาวิทยาลัย,,ศิริวรรณ ศิลาพัชรนันท์,
001447,7 ทศวรรษ ใต้ร่มพระบารมี พระบรมราโชวาทด้านการศึกษา,959.35,ชั้น 2,สำนักงานเลขาธิการสภาการศึกษา กระทรวงศึกษาธิการ,,กมล รอดคล้าย,
001448,ตราแผ่นดิน ตราราชสกุล และสกุลอักษรพระนาม และนามย่อ,929.81593,ชั้น 2,สงวนลิขสิทธิ์ ตามพระราชบัญญัติการคัดลอกฯ (สิรินธร),,วงจันทร์ พินัยนิติศาสตร์,
001449,พระราชหัตถ์เลขาส่วนพระองค์ สมเด็จพระรามาธิบดี ศรีสินทรมหาจุฬาลงกรณ์ พระจุลจอมเกล้าเจ้าอยุ๋หัว พ.ศ. 2440,959.373,ชั้น 2,โรงพิมพ์โสภณพิพรรฒธนากร,,,
001450,จดหมายเหตุ เสด็จพระราชดำเนินเลียบมณฑลฝ่ายเหนือ พระพุทธศักราช 2469 รัฐบาลของพระบาทสมเด็จพระเจ้าอยู่หัว พิมพ์เฉลิมพระเกียรติครบ 120 ปี รัชกาลที่ 7,*021,ชั้น 2,เรียบเรียงโดย : พระยาราชนุกูลวิบูลย์ภักดีพิริยะพาหะ (อวบ เปาโรหิตย์),,รองอำมาตย์ตรีกมล มโนชญากร,
001451,ปกิณกคดีประวัติศาสตร์ไทย เล่ม 3,959.3,ชั้น 2,กรมศิลปากร จัดพิมพ์,,สุทธิพันธ์ ขุทรานนท์,
001452,พระราชพงศาวดาร ฉบับพระราชหัตถเลขา เล่ม 1,959.3,ชั้น 2,กรมศิลปากร จัดพิมพ์,,กองวรรณคดีและประวัติศาสตร์,
001453,หนังสือชุดประชุมพงศาวดาร ฉบับกาญจนาภิเษก เล่ม 8,959.3,ชั้น 2,กองวรรณกรรมและประวัติศาสตร์ กรมศิลปากร,,สมศรี เอี่ยมธรรม,
001454,สารานุกรมไทยสำหรับเยาวชน โดย พระราชประสงค์ในพระบาทสมเด็จพระเจ้าอยู่หัว เล่ม 16,*030.15,ชั้น 2,โครงการสารานุกรมไทยสำหรับเยาวชน,,กำธน สินธวานนท์,
001455,ชิงบัลลังก์พระนารายณ์ ,959.33,ชั้น 2,ศิลปวัฒนธรรม (ฉบับพิเศษ),,นายพลเลส์ฟาร์จ (เขียน) / ปรีดี พิศภูมิวิถี (แปล),
001456,รัฐฉาน ประวัติศาสตร์และการปฎิวัติ,959.1,ชั้น 2,ศิลปวัฒนธรรม (ฉบับพิเศษ),,อัคนี มูลเมฆ,
001457,ชาติเสือไว้ลาย (ย้อนรอยเสือ ลุยชุมโจรสยาม คดีปล้นสะดม สมัยรัชกาลที่ 5),364.37,ชั้น 2,ศิลปวัฒนธรรม (ฉบับพิเศษ),,พีรศักดิ์ ชัยได้สุข,
001458,สยามประเทศ ภูมิหลังของประเทศไทยตั้งแต่ยุคดึกดำบรรพ์ จนถึงสมัยของกรุงศรีอยุธยาราชอาณาจักรสยาม,959.37,ชั้น 2,ศิลปวัฒนธรรม (ฉบับพิเศษ),,ศรีศักร วัลลิโภดม,
001459,"สมเด็จฯกรมพระยาดำรงราชานุภาพ การสร้างอัตลักษณ์ ""เมืองไทย"" และ ""ชั้น"" ของชาวสยาม",959.35,ชั้น 2,ศิลปวัฒนธรรม (ฉบับพิเศษ),,สายชล สัตยานุรักษ์,
001460,จากบางเจ้าพระยาสู่ปารีส,959.33,ชั้น 2,ศิลปวัฒนธรรม (ฉบับพิเศษ),,ปรีดี พิศภูมิวิถี,
001461,การเมือง ในราชสำนักฝ่ายใน สมัยรัชกาลที่ 5,959.3057,ชั้น 2,ศิลปวัฒนธรรม (ฉบับพิเศษ),,ฉัตรดาว ลีเชวงวงศ์,
001462,ตรุษสงกรานต์ ประมวลความเป็นมาของปีใหม่ไทยในสมัยต่าง ๆ,394.25,ชั้น 2,ศิลปวัฒนธรรม (ฉบับพิเศษ),,ส.พลายน้อย,
001463,ถนนเส้นก๋วยเตี๋ยว มองประวัติศาสตร์สังคมบางขุนนนท์ ผ่านถนนและคลอง,959.3,ชั้น 2,ศิลปวัฒนธรรม (ฉบับพิเศษ),,ยุวดี ศิริ,
001464,"ประวัติศาสตร์สังคมวัฒนธรรม กรุงเทพฯ จากเพลงดนตรี ""ลาวดวงเดือน"" วังท่าเตียน",781.63,ชั้น 2,ศิลปวัฒนธรรม (ฉบับพิเศษ),,มนตรี ตราโมท / จิตร ภูมิศักดิ์,
001465,เยือนย่านร้านตลาด {Visits to Memorable Places},915.9306,ชั้น 2,ศิลปวัฒนธรรม (ฉบับพิเศษ),,อเนก นาวิกมูล ,
001466,"""คนไท"" ไม่ใช่ ""คนไทย"" แต่เป็นเครือญาติชาติภาษา รวมความรู้ ""ไทยศึกษา"" ของ ""ศาตราจารย์สองแผ่นดิน""",*030.5,ชั้น 2,ศิลปวัฒนธรรม (ฉบับพิเศษ),,เจีย แยนจอง,
001467,สุริยาศศิธร ปฐมบทแห่งโลก มนุษย์ และเทวดา สุริยจันทรุปราคา และเมขลารามสูร,550.11,ชั้น 2,ศิลปวัฒนธรรม (ฉบับพิเศษ),,ปรีดี พิศภูมิวิถี,
001468,ความคิดการเมือง ไพร่กระฎุมพี แห่งกรุงรัตนโกสินทร์,959.367,ชั้น 2,ศิลปวัฒนธรรม (ฉบับพิเศษ),,รศ.ดร.ธเนศ อาภรณ์สุวรรณ,
001469,เขียว สัมพัน : ประวัติศาสตร์กัมพูชา กับจุดยืนที่ผ่านมาของข้าพเจ้า,959.6,ชั้น 2,ศิลปวัฒนธรรม (ฉบับพิเศษ),,เขียว สัมพัน(เขียน) / อภิญญา ตะวันออก (แปล),
001470,สิ่งที่ข้าพเจ้าพบเห็น ประวัติศาสตร์เปลี่ยนแปลงการปกครอง 2475,959.377,ชั้น 2,ศิลปวัฒนธรรม (ฉบับพิเศษ),,หม่อมเจ้าพูนพิศสมัย ดิศกุล,
001471,ประวัติศาสตร์สังคม - วัฒนธรรม ของภาษาและวรรณคดี ในสยามประเทศ,495.91,ชั้น 2,ศิลปวัฒนธรรม (ฉบับพิเศษ),,สุจิตต์ วงษ์เทศ,
001472,"แหล่งโบราณคดียุคดึกดำบรรพ์ ที่ประตูผา จังหวัดลำปาง ""ภาพเขียนสี พิธีกรรม 3,000 ปี ที่ผาศักดิ์สิทธิ์""",294.34,ชั้น 2,ศิลปวัฒนธรรม (ฉบับพิเศษ),,วลัยลักษณ์ ทรงศิริ,
001473,"ยุคเหล็กในประเทศไทย พัฒนาการทางเทคโนโลยีและสังคม เหล็ก ""โลหปฎิวัติ"" เมื่อ 2,500 ปี มาแล้ว",546.621,ชั้น 2,ศิลปวัฒนธรรม (ฉบับพิเศษ),,ศรีศักร วัลลิโภดม,
001474,"รัฐปัตตานี ใน ""ศรีวิชัย"" เก่าแก่กว่ารัฐสุโขทัยในประวัติศาสตร์ (ประวัติศาสตร์""ปกปิด"" ของ 3 จังหวัดชายแดนภาคใต้)",959.32,ชั้น 2,ศิลปวัฒนธรรม (ฉบับพิเศษ),,สุจิตต์ วงษ์เทศ,
001475,ค้นหารัตนโกสินทร์ สิ่งที่เรารู้ อาจไม่ใช่ทั้งหมด,959.36,ชั้น 2,ศิลปวัฒนธรรม (ฉบับพิเศษ),,ไกรฤกษ์ นานา,
001476,ภาพถ่ายและสิ่งพิมพ์ {Good Old Photo and Printed Matters},779,ชั้น 2,ศิลปวัฒนธรรม (ฉบับพิเศษ),,อเนก นาวิกมูล,
001477,กรุงสุโขทัย มาจากไหน?,959.321,ชั้น 2,ศิลปวัฒนธรรม (ฉบับพิเศษ),,สุจิตต์ วงษ์เทศ,
001478,"การเมือง ""อุบายมารยา"" แบบมาคิอาเวลล์ {Macchiavell} ของ พระเจ้าปราสาททอง",959.337,ชั้น 2,ศิลปวัฒนธรรม (ฉบับพิเศษ),,สุจิตต์ วงษ์เทศ,
001479,คณะสงฆ์สร้างชาติ สมัยรัชกาลที่ 5,294.3013,ชั้น 2,ศิลปวัฒนธรรม (ฉบับพิเศษ),,ปฐม ตาคะนานันท์,
001480,การเมืองเรื่อง สถาปนาพระจอมเกล้าฯ,959.371,ชั้น 2,ศิลปวัฒนธรรม (ฉบับพิเศษ),,เทอดพงศ์ คงจันทร์,
001481,ต้นทางตลาดพลู เรื่องราวของสายน้ำ ผู้คน และแผ่นดิน (งานวิจัยวิถีวัฒนธรรมริมน้ำย่านตลาดพลู จากคลองบางหลวงถึงคลองด่าน,915.3011,ชั้น 2,ศูนย์หนังสือจุฬาลงกรณ์มหาวิทยาลัย,,สง่า ลือชาพัฒนพร,
001482,ศึกสองมหาราช (นวนิยายอิงประวัติศาสตร์),895.913,ชั้น 2,สำนักพิมพ์เอโนเวล,,สุกิจ สุวานิช,
001483,วังสวนดุสิต เมื่อพระพุทธเจ้าหลวงสร้างบ้านสร้างเมือง,728.82,ชั้น 2,ศิลปวัฒนธรรม (ฉบับพิเศษ),,บัณฑิต จุลาสัย และคณะ,
001484,"โครงการชุมชนท่องเที่ยวยั่งยืน ""บ้านบุฯ"" ในชุมชนบ้านบุและพื้นที่เกี่ยวเนื่อง",307.3364,ชั้น 2,คณะโบราณคดี มหาวิทยาลัยศิลปากร,,สุภาภรณ์ จินดามณีโรจน์,
001485,สมรภูมิศรัทธา การใช้อาวุธต่อสู้ของมุสลิมเพื่อป้องกันศาสนาและตนเอง (ญิฮาด) ,297,ชั้น 2,สำนักพิมพ์มติชน,,พ.อ.สุรินทร์ หิรัญูบูรณะ,
001486,ละครการเมือง 24 มิถุนายน 2475,320.9593,ชั้น 2,สมาคมประวัติศาสตร์ ในพระบรมราชูปถัมภ์ สมเด็จพระเทพรัตนราชสุดาฯ,,แถมสุข นุ่นนนท์,
001487,พระนครเมื่อกาลก่อน *เล่าเรื่องเมืองหลวงจาภาพถ่ายโบราณผ่านสู่ปัจจุบัน*,915.3011,ชั้น 2,สำนักพิมพ์ฐานบุ๊คส์,,ป.บุนนาค,
001488,กรุงเทพฯ กรุงธนฯ มีภูมิสถาน ชื่อบ้านนามเมือง,959,ชั้น 2,สำนักพิมพ์ดรีม แคทเชอร์,,รุ่งโรจน์ ภิรมย์อนุกูล / ประภัสสร์ ชูวิเชียร,
001489,เห่เรือ และ เรือพระราชพิธี มาจากไหน?,392,ชั้น 2,สำนักพิมพ์นาตาแฮก,,สุจิตต์ วงษ์เทศ,
001490,"ประวัติศาสตร์แห่งชาติ ""ซ่อม"" ฉบับเก่า ""สร้าง"" ฉบับใหม่ (ใคร ทำไม มาจากไหน)",959,ชั้น 2,KD Fund,,นิธิ เอียวศรีวงศ์,
001491,"""ห่าลง"" จีนถึงไทย ตายทั้งโลก Black Death",303.485,ชั้น 2,สำนักพิมพ์นาตาแฮก,,ศิริพจน์ เหล่ามานะเจริญ,
001492,"กรุงเทพฯ ""พื้นที่ทางวัฒนธรรม"" ของ มหานครบวรทวารวดีศรีอยุธยา ราชธานีจักรีวงศ์ ""พระราม"" จักรพรรคิราช",923,ชั้น 2,โครงการสถาบันสุวรรณภูมิ,,,
001493,ย้อนตำนาน.....สะพานเก่า (การเดินทาง เพื่อตามหาเรื่องราวเก่าแก่ในอดีต ของสิ่งก่อสร้าง ที่พาผู้คนข้ามผ่านวันเวลามายาวนาน),624.2,ชั้น 2,โครงการสร้างประวัติศาสตร์สังคมย่านเมืองเก่ากรุงเทพฯ,,"""จุติ""",
001494,บางเกาะ : บางกอก พัฒนาการทางสังคมและวัฒนธรรมลุ่มน้ำลำคลอง,*031.11,ชั้น 2,สถาบันพิพิธภัณฑ์การเรียนแห่งชาติ (สพร.),,ศรีศักร วัลลิโภดม,
001495,วัดชิโนรสารามวรวิหาร สมเด็จพระมหาสมณเจ้า กรมพระปรมานุชิตชิโนรส ทรงสร้าง เมื่อ พ.ศ.2380 (พระบาทสมเด็จพระจอมเกล้าเจ้าอยู่หัว ทรงประทานนาม เมื่อ พ.ศ.2400),294.33,ชั้น 2,นางลิ้นจี่ วงษ์เทศ พิมพ์เป็นพุทธบูชา (ร้อยโทณัฐพล เปรมใจ),,ลิ้นจี่ วงษ์เทศ,
001496,"โครงการหนังสืออ้างอิงโบราณคดีไทย ""สืบสานตำนานบางกอก""",306.09593,ชั้น 2,สำนักพิมพ์มิติใหม่,,พลาดิศัย สิทธิธัญกิจ,
001497,"""ปาตานี"" .....ประวัติศาสตร์และการเมืองในโลกมาลายู.....",959.3,ชั้น 2,มูลนิธิวัฒนธรรมอิสลาม ภาคใต้,,อารีฟิน บินจิ และคณะ,
001498,พระพุทธรูป ที่ระเบียงรอบองค์พระปฐมเจดีย์ {Les Statues Du Buddha de la Galerie de Phra Pathom Chedi} Nakhon Pathom Thailand,294.3351,ชั้น 2,คณะโบราณคดี มหาวิทยาลัยศิลปากร,,ไขศรี ศรีอรุณ,
001499,อินเดีย เริ่มที่นี่ ทมิฬนาฑู {Tamil Nadu},954,ชั้น 2,สำนักพิมพ์เมืองโบราณ,,ศรันย์ ทองปาน / วิชญดา ทองแดง,
001500,ย่านเก่าในกรุงเทพฯ (เล่ม 2),959.311,ชั้น 2,สำนักพิมพ์เมืองโบราณ,,ปราณี กล่ำส้ม,
001501,ขุนนางสยาม (ประวัติศาสตร์ความเป็นมาและการจบสิ้นของระบอบขุนนางสยาม เมื่อก่อนการเปลี่ยนแปลงการปกครอง ในเดือนมิถุนายน พุทธศักราช 2475),923.2,ชั้น 2,สำนักพิมพ์มติชน,,ส.พลายน้อย,
001502,ประวัติศาสตร์ชาติไทย ,959.3,ชั้น 2,กรมศิลปากร จัดพิมพ์,,ธีระ แก้วประจันทร์ และคณะ,
001503,ตามรอยฝรั่ง เล่าความหลังเมืองพริบพรี (เพชรบุรี),959.377,ชั้น 2,กรมศิลปากร จัดพิมพ์,,นันทา วรเนติวงศ์ และคณะ,
001504,นี่ เสียมกุก {Syam Kuk},959.6,ชั้น 2,มูลนิธิโครงการตำราสังคมศาสตร์และมนุษยศาสตร์,,Banedict Anderson (แปลอังกฤษ) / กุลพัทธ์ มานิตยกุล (แปลไทย),
001505,จารึกรัก จันทรเกษม ความทรงจำและความประทับใจของนักเรียนโรงเรียนฝึกหัดครูมัธยม (พ.ศ.2483 - 2501),371.897,ชั้น 2,มหาวิทยาลัยราชภัฏจันทร์เกษม,,จันทร์เพ็ญ เจริญผลารักษ์,
001506,อารยะพะเยา ที่แหล่งเตาเวียงบัว (โบราณคดีชุมชน),930.1,ชั้น 2,สำนักพิมพ์สมาพันธ์ จำกัด,,ศจ.สายันต์ ไพรชาญจิตร์,
001507,ภาพงามของความหลัง,779,ชั้น 2,ญาติมิตร ศาสตราจารย์พิเศษธงทอง จันทรางศุ,,ศาสตราจารย์พิเศษธงทอง จันทรางศุ,
001508,บันทึกภาพประวัติศาสตร์ความทรงจำ ในการเยือนประเทศต่าง ๆ ตามคำเชิญอย่างเป็นทางการ ระหว่างดำรงตำแหน่งประธานรัฐสภา,779,ชั้น 2,สาธารณรัฐปรระชาชนจีน 2528,,ศจ.ดร.อุกฤษ มงคลนาวิน,
001509,มิวเซียมสยาม นำชมนิทรรศการ เรียงความประเทศไทย {Museum of Siam The Account of Thailand Souvenir Guide},741.9,ชั้น 2,สถาบันการเรียนรู้และสร้างสรรค์ พิพิธภัณฑ์การเรียนรู้,,,
001510,อยุธยา มาจากไหน? อยุธยา ราชอาณาจักรสยามแห่งแรก (สุโขทัยไม่แห่งแรก อยุธยาไม่แห่งสอง) คนไทยเก่าสุด มีครั้งแรกยุคอยุธยา,959.331,ชั้น 2,สำนักพิมพ์นาตาแฮก,,สุจิตต์ วงษ์เทศ,
001511,แผนที่ประวัติศาสตร์ (สยาม) ประเทศไทย,912.014,ชั้น 2,สำนักงานคณะกรรมการวัฒนธรรมแห่งชาติ (สวช.),,สุนันทา มิตรงาม,
001512,พระราชพิธีศุภมงคล ฉลองสิริราชสมบัติครบ 60 ปี,923.1,ชั้น 2,สำนักงานคณะกรรมการวัฒนธรรมแห่งชาติ (สวช.),,,
001513,หนังสือรวบรวมผลงานวิจัย - วิชาการ วัฒนธรรมการเกษตร ,630,ชั้น 2,คณะมนุษยศาสตร์ มหาวิทยาลัยเกษตรศาตร์,,ดร.รัตนพล ชื่นค้า,
001514,ตำราพระราชพิธีพรุณศาสตร์ ตำราปลูกผลไม้กับตำราปลูกข้าวของโบราณ เรื่องทำนา เรื่องทำสวน,390.22,ชั้น 2,คณะมนุษยศาสตร์ มหาวิทยาลัยเกษตรศาตร์,,ดร.รัตนพล ชื่นค้า,
001515,จิตรกรรมฝาผนัง สมัยอยุธยา {Mural Paintings of the Ayudhya Period},751.73,ชั้น 2,สถาบันไทยคดีศึกษา มหาวิทยาลัยธรรมศาสตร์,,สันติ เล็กสุขุม / กมล ฉายาวัฒนะ,
001516,ศิลปและโบราณคดีในประเทศไทย เล่ม 2 {Art and Archaeology in Thailand II},930.11,ชั้น 2,กรมศิลปากร จัดพิมพ์,,ดร.อุไรศรี วรศะริน,
001517,การพิจารณาปัญหา เรื่องเจดีย์โบราณที่อำเภอพนมทวน จังหวัดกาญจนบุรี ,913.593,ชั้น 2,กรมศิลปากร จัดพิมพ์,,นาวาเอก สมภพ ภิรมย์ ร.น.,
001518,พระพุทธรูปหินทรายสกุลช่างพะเยา,294.31218,ชั้น 2,มหาวิทยาลัยพะเยา จัดพิมพ์ (ในการพระราชทานเพลิงศพ) 24/2/2563,,ศจ.ดร.ศักดิ์ชาย สายสิงห์,
001519,ถลาง ภูเก็ต และชายฝั่งทะเลอันดามัน โบราณคดี ประวัติศาสตร์ ชาติพันธุ์และเศรษฐกกิจ,930.17,ชั้น 2,กรมศิลปากร จัดพิมพ์,,วิสันธนี โพธิสุนทร,
001520,บันทึกเจตนารมณ์ภาคประชาชน จัดตั้งสภาพัฒนาการเมือง,320.9593,ชั้น 2,คณะกรรมการเตรียมการจัดตั้งสภาพัฒนาการเมืองฯ,,น.พ.นิรันดร์ พิทักษ์วัชระ,
001521,วรรณกรรมท้องถิ่น : กรณีอีสาน - ล้านช้าง,808.84,ชั้น 2,มหาวิทยาลัยมหาสารคาม,,จารุวรรณ ธรรมวัตร,
001522,"ชุดวรรณกรรมปักษ์ใต้ อันดับ 12 ""พระยาฉัททันต์""",895.911,ชั้น 2,ศูนย์วัฒนธรรมภาคใต้ วิทยาลัยครูนครศรีธรรมราช,,ดิเรก พรตตะเสน,
001523,"ชุดวรรณกรรมปักษ์ใต้ อันดับ 11 ""พระยาชมพู""",895.911,ชั้น 2,ศูนย์วัฒนธรรมภาคใต้ วิทยาลัยครูนครศรีธรรมราช,,ดิเรก พรตตะเสน,
001524,"ผลการวิเคราะห์กลุ่มสังคมล่าสัตว์ : ชนกลุ่มน้อย เผ่า ""ผีตองเหลือง"" ในประเทศไทย",301.45195,ชั้น 2,กองพิพิธภัณฑสถานแห่งชาติ กรมศิลปากร จัดพิมพ์,,รองศาสตราจารย์สุรินทร์ ภู่ขจร และคณะ,
001525,100 ปี จากบุคคลัภย์สู่ไทยพาณิชย์,332.024,ชั้น 2,ธนาคารไทยพาณิชย์ จัดพิมพ์,,นวพร เรืองสกุล,
001526,เมืองเทิง : เวียงสูง ภูสวย สามสายน้ำ,959.35,ชั้น 2,สภาวัฒนธรรมอำเภอเทิง จังหวัดเชียงราย จัดพิมพ์,,สืบศักดิ์ พรมแย้ม,
001527,ประวัติและวิวัฒนาการการแพทย์แผนไทย {The History and Development of Thai Traditional Medicine},615.8,ชั้น 2,สถาบันการแพทย์แผนไทย กรมการแพทย์ กระทรวงสาธารณสุข,,พญ.เพ็ญนภา ทรัพย์เจริญ,
001528,อุทยานประวัติศาสตร์พระนครคีรี {Phra Nakhn Khiri Historical Park},363.69,ชั้น 2,กรมศิลปากร จัดพิมพ์,,ศรินพร อุ่นตระกูล และคณะ,
001529,ทฤษฎีและแนวปฎิบัติ การอนุรักษ์อนุสรณ์สถาน และแหล่งโบราณคดี,930.1,ชั้น 2,กรมศิลปากร จัดพิมพ์,,นิคม มุสิกะคามะ และคณะ,
001530,โกษาปาน ราชทูตผู้กู้แผ่นดิน {Kosa Pani},923.2,ชั้น 2,สถาบันการเรียนรู้และสร้างสรรค์ พิพิธภัณฑ์การเรียนรู้,,ภูธร ภูมะธน,
001531,มรดกบ้านเชียง {The Legacy of Ban Chiang},959.3,ชั้น 2,กรมศิลปากร จัดพิมพ์,,พิสิฐ เจริญวงศ์,
001532,การอนุรักษ์จิตรกรรมฝาผนัง,751.735,ชั้น 2,กรมศิลปากร จัดพิมพ์,,วรรณิภา ณ สงขลา,
001533,หนังสือนำชมอุทยานประวัติศาสตร์เมืองสิงห์ {Guidebook to Muang Sing Historical Park},363.69,ชั้น 2,สำนักโบราณคดีและพิพิธภัณฑ์สถานแห่งชาติ กรมศิลปากร,,พีรพน พิสณุพงศ์,
001534,คำถาม - คำตอบ เรื่องศิลปะไทย,700,ชั้น 2,บริษัท สำนักพิมพ์ดวงกมล จำกัด,,น.ณ ปากน้ำ,
001535,ชุดหลักฐานประวัติศาสตร์ไทย ในต่างประเทศ (อันดับที่ 3) เรื่อง ประวัติศาสตร์มลายูและปัตตานี,959.3,ชั้น 2,"เฉลิมนิจ, 1-2 เอราวัณอาเคด,กรุงเทพมหานาคร",,ม.ล.มานิจ ชุมสาย,
001536,เมืองประเทศราชของสยาม ในสมัยรัตนโกสินทร์,959.305,ชั้น 2,กรมศิลปากร จัดพิมพ์,,นันทนา ตันติเวสส (แปล),
001537,ศึกษาเมืองแพร่ (หนังสือชุดความรู้เกี่ยวกับเมืองแพร่),959.357,ชั้น 2,กลุ่มลูกหลานเมืองแพร่,,กลุ่มลูกหลานเมืองแพร่,
001538,วาระสุดท้ายและสิ่งที่เป็นอมตะ ของสมเด็จพระนเรศวรมหาราช อยู่ที่ไหน?,959.335,ชั้น 2,บริษัท สหธรรมิก จำกัด,,พระอาจารย์ ดร.สิงห์ทน นราสโก,
001539,พระอาจารย์สิงห์ทน นราสโก คือใคร เพราะเหตุไร จึงมีความผูกพันกับสมเด็จพระนเรศวรมหาราช,959.335,ชั้น 2,บริษัท สหธรรมิก จำกัด,,พระอาจารย์ ดร.สิงห์ทน นราสโก,
001540,"ที่ระลึกในการเสด็จพระราชดำเนินพระราชทานเพลิงศพ พลตรี หม่อมราชวงศ์ศุภวัฒน์ เกษมศรี ป.ช.,ป.ม. วัดเทพศิรินทราวาส 3/11/59",,ชั้น 2,งานพระราชทานเพลิงศพ,,หม่อมหลวงภัคภรจันทร์ เกษมศรี,
001541,"อนุสรณ์ในงานพระราชทานเพลิงศพ นายเอนก สิทธิประศาสน์ ม.ป.ช.,ว.ม.ว.,ภ.ป.ร.3  วัดธาตุทอง 24/12//60 (สุภาพบุรุษนักปกครอง)",,ชั้น 2,งานพระราชทานเพลิงศพ,,มนู สิทธิประศาสน์ และครอบครัว,
001542,อนุสรณ์ในงานพระราชทานเพลิงศพ พระชาติตระการ (ม.ร.ว. จิตร คเนจร) วัดเทพศิรินทราวาส 21/12/2511,,ชั้น 2,งานพระราชทานเพลิงศพ,,ม.ล.เครือจิตร เหมินทร์ ,
001543,อนุสรณ์เนื่องในงานบำเพ็ญกุศลครบรอบสตมวาร (100 วัน) พระครูพัฒนกิจจานุรักษ์ (หลวงปู่ครูบาชัยยะวงศาพัฒนา) วัดพระพุทธบาทห้วยต้ม จ.ลำพูน 27/8/43,,ชั้น 2,งานพระราชทานเพลิงศพ,,คณะลูกหลานปู่ครูบาฯ,
001544,"อนุสรณ์ในงานพระราชทานเพลิงศพ ศาสตราจารย์ระพี สาคริก ม.ว.ม.,ป.ช. วัดพระศรีมหาธาตุวรมหาวิหาร 25/5/61 (3 เล่ม)",,ชั้น 2,งานพระราชทานเพลิงศพ,,กัลยา สาคริก,
001545,งานพระราชทานเพลิงศพ นางผกาวดี เทพหัสดิน ณ อยุธยา (อุตตโมทย์) เป็นกรณีพิเศษ 28/3/2479,,ชั้น 2,งานพระราชทานเพลิงศพ,,ส.ว. เทพหัสดิน (เจ้าพระยาธรรมศักดิ์มนตรี),
001546,ที่รฤกในการเสด็จพระราชดำเนินพระราชทานเพลิงศพ นางสุคนธ์ จันทรางศุ วัดมกุฏกษัตริยาราม 30/11/54,,ชั้น 2,งานพระราชทานเพลิงศพ,,ศาสตราจารย์พิเศษธงทอง จันทรางศุ,
001547,อนุสรณ์ในงานฌาปนกิจศพ อาจารย์ไขแสง บุนปาน โลจนานนท์ วัดนางนองวรวิหาร 15/7/60 (2 เล่ม),,ชั้น 2,งานพระราชทานเพลิงศพ,,ประถม โลจนานนท์,
001548,ยุพานุสรณ์ : ผู้เกิดในตระกูลอันเป็นไปเพื่อประโยชน์ ที่ระลึกในการทำบุญบำเพ็ญกุศลแด่ ยุพา บวรรัตนารักษ์ 14/4/2472 ครบรอบ 100 วัน (2 เล่ม),,ชั้น 2,งานพระราชทานเพลิงศพ,,บัญชา พงษ์พานิช,
001549,เพื่อรอยยิ้ม เมื่อสิ้นลม งานประชุมเพลิง สมถวิล ลือชาพัฒนพร วัดพุทธบูชา 18/7/57,,ชั้น 2,งานพระราชทานเพลิงศพ,,พจนา จันทรสันติ,
001550,"รำลึก 100 ปี ชาตกาล กุหลาบ สายประดิษฐ์ ""ศรีบูรพา""",,ชั้น 2,งานพระราชทานเพลิงศพ,,สถาพร ศรีสัจจัง,
001551,รัตนานุสรณ์ : เรื่องเล่าของแม่ ลูกสาวขุนบวรฯ ที่เมืองนคร (2 เล่ม),,ชั้น 2,งานพระราชทานเพลิงศพ,,รัตนา พงษ์พานิช,
001552,หลังบ้าน : สำเหร่ บางลำภูล่าง คลองบางไส้ไก่ และวัดสุทธาราม งานพระราชทานเพลิงศพ นาวาเอกไหว ชูวิเชียร วัดสุทธาราม 18/12/64,,ชั้น 2,งานพระราชทานเพลิงศพ,,ครอบครัวชูวิเชียร,
001553,อำลา อาลัย นายชวลิต อังวิทยาธร วัดชะเมา จังหวัดนครศรีธรรมราช 21/2/53,,ชั้น 2,งานพระราชทานเพลิงศพ,,ยุรีย์ อังวิทยาธร,
001554,อินเดียสมัยพุทธกาล และ ภาษาสันสกฤตกับภาษาบาลี (อุทิศแด่ชาวศรีลังกาผู้ก่อตั้งสมาคมมหาโพธิ เพื่อฟื้นฟูพระพุทธศาสนาในประเทศอินเดีย *อนาคาริก ธัมมปาละ 2476*,,ชั้น 2,มหาจุฬาบรรณาคาร  มหาจุฬาลงกรณราชวิทยาลัย ในพระบรมราชูปถัมภ์ 2532,,กรุณา - เรืองอุไร กุศลาสัย,
001555,อนุสรณ์งานฌาปนกิจศพ คุณพ่ออำมร พงศ์จันทรเสถียร เมรุวัดแจ้ง จังหวัดพัทลุง 9/11/41,,ชั้น 2,งานฌาปนกิจศพ,,พระเทพญาณโมลี (เจ้าคณะจังหวัดพัทลุง),
001556,เขาศรีวิชัย - พุนพิน ที่ระลึกวันฌาปนกิจ คุณพ่อคล้อง เหมือนมณี วัดเขาศรีวิชัย จังหวัดสุราษฎร์ธานี 28/10/36,,ชั้น 2,งานฌาปนกิจศพ,,เดโช บุญชูช่วย,
001557,เรื่องเกี่ยวกับพระนครศรีอยุธยา อนุสรณ์งานฌาปนกิจศพ นางสุวรรณ เตชะคุปต์ วัดมกุฎกษัตริยาราม 18/2/2514,,ชั้น 2,งานฌาปนกิจศพ,,พระยาโบราณราชธานินทร์ (พร เตชะคุปต์),
001558,นิบาตชาดก เล่ม 20 มโหสธชาดก อนุสรณ์งานฌาปนกิศพ นายผัน แม้นสุวรรณ วัดประยูรวงศาวาส 2/8/2512,,ชั้น 2,งานฌาปนกิจศพ,,ยิ้ม แม้นสุวรรณ และลูก ๆ,
001559,ตำนานวัตถุสถานต่าง ๆ พระบาทสมเด็จพระนั่งเกล้าเจ้าอยู่หัว ทรงสถาปนา อนุสรณ์งานพระราชทานเพลิงศพ หม่อมหลวงรุจิ ศรีวรรณวัทฒิ์ วัดอรุณราชวราราม 16/12/2512,,ชั้น 2,งานพระราชทานเพลิงศพ,,บรรเจิด อินทุจันทร์ยง,
001560,เที่ยวตามทางรถไฟ พระนิพนธ์ สมเด็จกรมพระยาดำรงราชานุภาพ งานพระราชทานเพลิงศพ นายสำรวจ พันธุ์พิริยะ วัดมกุฎกษัตริยาราม 3/2/2497,,ชั้น 2,งานพระราชทานเพลิงศพ,,บุตร - หลาน ตระกูลพันธุ์พิริยะ,
001561,งานพระราชทานเพลิงศพ ศาสตราจารย์พิเศษขจร สุขพานิช,,ชั้น 2,งานพระราชทานเพลิงศพ,,ลัดดา สุขพานิช และครอบครัว,
001562,พระธรรมเทศนา พระราชพงษาวดารสังเขป พระนิพนธ์ สมเด็จพระมหาสมณเจ้า กรมพระปรมานุชิตชิโนรส อนุสรณ์งานฌาปนกิจศพ นายชิน ไชยกิจ วัดมกุฎกษัตริยาราม 30/5/2515,,ชั้น 2,งานฌาปนกิจศพ,,ประโมทย์ ไชยกิจ,
001563,เรื่องเมืองไตรตรึงส์ อู่ทอง และอโยธยา และเมืองอู่ทอง อนุสรณ์งานพระราชทานเพลิงศพ ขุนวิศาลเวชกิจ (วัฒน์ วิศาลเวชกิจ) วัดปิตุลาราชรังสฤษฎิ์ จังหวัดฉะเชิงเทรา 3/4/2512,,ชั้น 2,งานพระราชทานเพลิงศพ,,กัลยาณี วิศาลเวชกิจ,
001564,ลักษณะการปกครองประเทศสยามแต่โบราณ สร้างตลาดสำหรับเมือง สร้างเมือง พระนิพนธ์ สมเด็จพระเจ้าบรมวงศ์เธอ กรมพระยาดำรงราชานุภาพ (พระมหากวี กิตฺติสาโร),,ชั้น 2,งานพระราชทานเพลิงศพ,,ธัญญะ บุปผเวส,
001565,ตำนานพระพุทธบาท อธิบายเรื่องพระบาท นิราศพระบาท และ ลิลิตทศพร อนุสรณ์งานฌาปนกิจศพ นางมา พวงร้อย วาสนะสมสิทธิ์ สุสานหลวงวัดเทพศิรินทราวาส 8/4/2533,,ชั้น 2,งานฌาปนกิจศพ,,พลตำรวจโทจำเนียร วาสนะสมสิทธิ์ และ ภริยา,
001566,ระยะทางเสด็จประพาส ลำแม่น้ำน้อย และแม่น้ำใหญ่ มณฑลกรุงเก่า และ มณฑลนครสวรรค์ อนุสรณ์งานฌาปนกิจศพ นางพูน อารยะกุล วัดเทพศิรินทราวาส 18/3/2504,,ชั้น 2,งานฌาปนกิจศพ,,พระยาโบราณราชธานินทร์ (พร เตชะคุปต์),
001567,เที่ยวตามทางรถไฟ พระนิพนธ์ สมเด็จกรมพระยาดำรงราชานุภาพ และรวมเรื่องเมืองนครราชสีมา งานพระราชทานเพลิงศพอำมาตย์ตรี พระพลราษฎร์บำรุง (แสง อุเทนสุต) 21/4/2505,,ชั้น 2,งานพระราชทานเพลิงศพ,,ประสิทธิ์ อุเทนสุต,
001568,เรื่องเมืองนครศรีธรรมราช อนุสรณ์งานฌาปนกิจศพ นางตลับ จันทราทิพย์ ณ ฌาปนสถานกองทัพบก วัดโสมนัสวิหาร 19/12/2530,,ชั้น 2,งานฌาปนกิจศพ,,ร้อยตำรวจเอกเธียร จันทราทิพย์ และบุตร - ธิดา,
001569,นิบาตชาดก เล่ม 23 พระราชกุศล วันเสด็จสวรรคต (สมเด็จพระปิยมหาราช พระบาทสมเด็จพระจุลจอมเกล้าเจ้าอยู่หัว) 23/10/2475,,ชั้น 2,พระราชกุศลเสด็จสวรรคต รัชกาลที่ 5,,ราชบัณฑิตสภาฯ,
001570,ประชุมพงศาวดาร ภาคที่ 72 ตำนานเมืองสุวรรณโคมคำ อนุสรณ์งานพระราชทานเพลิงศพ นายเฉลิม ปริญญาจารย์ ณ ฌาปนสถานกองทัพบก วัดโสมนัสวิหาร 4/10/2515,,ชั้น 2,งานพระราชทานเพลิงศพ,,สมพร ปริญญาจารย์,
001571,พุทธาสาสนคติ และ รวมเรื่องเมืองกาญจนบุรี อนุสรณ์งานพระราชทานเพลิงศพ พระเทพมงคลรังษี (ดี พุทฺธโชติเถร) วัดเทวสังฆาราม จังหวัดกาญจนบุรี 7/4/2511,,ชั้น 2,งานพระราชทานเพลิงศพ,,บรรเจิด อินทุจันทร์ยง,
001572,ตำนานพระพุทธเจดีย์ พระนิพนธ์ สมเด็จพระเจ้าบรมวงศ์เธอ กรมพระยาดำรงราชานุภาพ  งานพระราชทานเพลิงศพ สมเด็จพระสังฆราชเจ้า กรมหลวงวชิรญาณวงศ์ 26/4/2503,,ชั้น 2,งานพระราชทานเพลิงศพ,,หม่อมเจ้า สุภัทรดิศ ดิศกุล,
001573,"หนังสือเรื่อง ""กระษาปณ์ไทย""",,ชั้น 2,เสถียร โกเศศ (ราชบัณฑิตยสถาน) ,,เฉลิม ยงบุญเกิด,
001574,ที่ระลึกในงานกฐินพระราชทาน (วัดพระนอนจักรสีห์วรวิหาร จังหวัดสิงห์บุรี) 31/10/2513,,ชั้น 2,กฐินพระราชทาน,,กรมอาชีวศึกษา กระทรวงศึกษาธิการ,
001575,พระราชหัตถเลขา คราวเสด็จมณฑลฝ่ายเหนือ ในรัชกาลที่ 5 นับในหนังสือเรื่องเที่ยวที่ต่าง ๆ เป็นภาคที่ 5 (เจ้าจอมมารดาโหมด ป.จ. รัชกาลที่ 5),,ชั้น 2,งานฉลองครบอายุ (2465),,หอพระสมุดวชิรญาณ,
001576,ประชุมพงศาวดาร ภาคที่ 38 เรื่องจดหมายเหตุของคณะบาดหลวงฝรั่งเศส เข้ามาตั้งครั้งกรุงศรีอยุธยา ตอนแผ่นดินพระเจ้าบรมโกษฐ ภาคที่ 5 ,,ชั้น 2,ในงานปลงศพ คุณหญิงทรงสุรเดช (ปริก บุนนาค) 2469,,หม่อมเจ้าธำรงศิริ,
001577,ประชุมพงศาวดาร ภาคที่ 70 เรื่อง เมืองนครจำปาศักดิ์ งานพระราชทานเพลิงศพ หม่อมเจ้าหญิงคอยท่า ปราโมช วัดเทพศิรินทราวาส 26/3/2524,,ชั้น 2,งานพระราชทานเพลิงศพ,,พ.ต.อ. พระพินิจชนคดี / ม.ร.ว. บุญรับ พินิจชนคดี,
001578,ประวัติวัดชัยพฤกษมาลา/ วัดราชโอรส/ วัดเฉลิมพระเกียรติ งานพระราชทานเพลิงศพ หม่อมห่วง ลดาวัลย์ ณ อยุธยา ต.จ. วัดเทพศิรินทราวาส 9/3/2536,,ชั้น 2,งานพระราชทานเพลิงศพ,,หม่อมราชวงศ์สลับ ลดาวัลย์ / บุตร - ธิดา,ป
001579,ตำนานวัดบวรนิเวศวิหาร สมเด็จพระมหาสมณเจ้า กรมพระยาวชิรญาณวโรรส ทรงนิพนธ์ (โดยพระบรมราชโองการ งานถวายพระเพลิงพระศพสมเด็จพระมหาสมณเจ้า) 2465,,ชั้น 2,งานถวายพระเพลิงพระศพ ที่พระเมรุท้องสนามหลวง (เมษายน 2465),,กรมพระยาดำรงราชานุภาพ,
001580,พระราชพงศาวดารกรุงศรีอยุธยา ฉบับพระจักรพรรดิพงศ์ (จาด) อนุสรณ์งานพระราชทานเพลิงศพ พลโท พระยากลาโหมราชเสนา (เล็ก ปาณิกบุตร) สุสานหลวงวัดเทพศิรินทราวาส 2502,,ชั้น 2,งานพระราชทานเพลิงศพ,,หลวงศิริเดชธรรม (ผู้แทนเจ้าภาพ),
001581,เที่ยวเมืองพระร่วง พระราชนิพนธ์ พระบาทสมเด็จพระมงกุฎเกล้าเจ้าอยู่หัว เจ้าฟ้าเพชรรัตนราชสุดาฯ เสด็จพระกุศลทรงบำเพ็ญวันคล้ายวันสวรรคต ร.6 พระอุโบสถวัดบวรนิเวศวิหาร 2519,,ชั้น 2,วันคล้ายวันสวรรคต พระบาทสมเด็จพระมงกุฎเกล้าเจ้าอยู่หัว ร.6,,มูลนิธิมหามกุฏราชวิทยาลัย ในพระบรมราชูปถัมภ์,
001582,เรื่องเที่ยวเมืองพระร่วง พระบาทสมเด็จพระมงกุฏเกล้าเจ้าอยู่หัว ทรงพระราชนิพนธ์ งานพระราชทานเพลิงศพ นายกำธร เทพหัสดิน ณ อยุธยา วัดมกุฎกษัตริยาราม 17/10/2496,,ชั้น 2,งานพระราชทานเพลิงศพ,,สวัสดิ์ โสตถิทัต และภรรยา (ผู้แทนเจ้าภาพ),
001583,ประชุมพงศาวดาร ภาคที่ 77 ประวัติศาสตร์ยูนนาน และ ทางไมตรีกับจีน อนุสรณ์งานพระราชทานเพลิงศพ รองอำมาตย์โท ขุนเจริญประศาสน์ (สาย วงศ์สายัณห์) วัดโสมนัสวิหาร 2507,,ชั้น 2,งานพระราชทานเพลิงศพ,,จรูญ วงศ์สายัณห์,
001584,"ศิลปและโบราณคดีในประเทศไทย  {Art and Archaeology in Thailand} ""แคว้นหริภุญชัย"" 19/10/2517 (2เล่ม)",,ชั้น 2,กรมศิลปากรจัดพิมพ์ งานฉลองครบรอบ 100 ปี พิพิธภัณฑสถานแห่งชาติ,,ศรีศักร วัลลิโภดม,
001585,เรื่องจิตรกรรมไทยสมัยสุโขทัยและอยุธยา {Old Mural Pianting of Sukhothai and Ayudhya} *นิตยสารกรมศิลปากร ปีที่ 2 เล่ม 5 มกราคม พ.ศ. 2502*,,ชั้น 2,2/5/2502 นิตยสารกรมศิลปากร,,กรมศิลปากร,
001586,ปาฐกถา ของผู้แทนราษฎร เรื่อง สภาพของจังหวัดต่าง ๆ ,,ชั้น 2,ส. 4 ปาฐกถา,,ผู้แทนราษฎร (จังหวัดต่าง ๆ),
001587,หนังสือ {Court} ข่าวราชการ (สมเด็จพระเจ้าบรมวงศ์เธอ เจ้าฟ้าภาณุรังษีสว่างวงศ์  กรมพระยาภาณุพันธุวงศ์วรเดช) โปรดฯ ให้พิมพ์ในงานฉลองพระชัณษา ปีกุญ พ.ศ. 2466 เล่ม 2,,ชั้น 2,ข่าวราชการ 2466,,เทวัญอุไทยวงศ์,
001588,จดหมายเหตุรายวัน พระบาทสมเด็จพระเจ้าอยู่หัว เสด็จประพาสชะวา พ.ศ. 2472 โปรดเกล้าฯ ให้พิมพ์พระราชทานในวันขึ้นปีใหม่ พ.ศ. 2471,,ชั้น 2,วันขึ้นปีใหม่ 2471,,หม่อมเจ้าดำรัสดำรงค์ เทวกุล,
001589,คำบรรยาย สัมนาโบราณคดีสมัยสุโขทัย พ.ศ. 2503 กรมศิลปากรจัดพิมพ์ เนื่องในงานเสด็จพระราชดำเนินทรงเปิด พิพิธภัณฑสถานแห่งชาติ รามคำแหง จังหวัดสุโขทัย 25/1/2527,,ชั้น 2,กรมศิลปากร จัดพิมพ์,,กรมศิลปากร,
001590,พระราชนิพนธ์ ในพระบาทสมเด็จพระจุลจอมเกล้าเจ้าอยู่หัว สมเด็จพระเจ้าอยู่หัวรัชกาลที่ 7 ให้ตีพิมพ์งานพระราชทานเพลิงศพ พระเจ้าบรมวงศ์เธอ พระองค์เจ้า อรพินทุ์เพญภาคย์ 2479,,ชั้น 2,งานพระราชทานเพลิงศพ,,หม่อมเจ้าอุปลีสาณ ชุมพล (ผู้แทนเจ้าภาพ),
001591,ประชุมพระนิพนธ์เกี่ยวกับตำนานทางพุทธศาสนา ของ สมเด็จพระเจ้าบรมวงศ์เธอ กรมพระยาดำรงราชานุภาพ อนุสรณ์งานพระราชทานเพลิงศพ พระเทพคุณาธร (ผล ชินปุตฺโต) 2514,,ชั้น 2,งานพระราชทานเพลิงศพ,,พระครูวินัยธรใช้เลี้ยง (รักษาการแทนเจ้าอาวาส),
001592,จังหวัดพระนครศรีอยุธยา ของ นายตรี อมาตยกุล อนุสรณ์งานพระราชทานเพลิงศพ ร้อยโท สุรัตน์ รัตนมังคละ เมรุวัดธาตุทอง 21/8/2516,,ชั้น 2,งานพระราชทานเพลิงศพ,,ร้อยตรี อั้น รัตนมังคละ,
001593,เรื่องของชาติไทย งานพระราชทานเพลิงศพ มหาอำมาตย์โท พระยาเผด็จดุลบดีศรีสรคม สุสานหลวงวัดเทพศิรินทราวาส 5/4/2484,,ชั้น 2,งานพระราชทานเพลิงศพ,,พิบูลสงคราม (อธิการบดี),
001594,ราชพงษาวดารกรุงกัมพูชา ฉบับหอพระสมุดวชิรญาณแปลใหม่ (จางวางตรี พระยาไกรเพ็ชรรัตนสงคราม) พิมพ์แจกงานศพ พระตำรวจตรี พระยากำแหงรณฤทธิ์ 2461,,ชั้น 2,งานศพ 2461,,จางวางตรี พระยาไกรเพ็ชรรัตนสงคราม (บุตร),
001595,ตำนานมูลศาสนา งานประชุมเพลิงศพ คุณหญิงทรงพลภาพ (ชุน พลธร) เมรุวัดจักรวรรดิราชาวาส 3/12/2482,,ชั้น 2,งานประชุมเพลิงศพ 2482,,พันตำรวจเอก พระยาทรงพลภาพ,
001596,พงศาวดารล้านช้าง งานฌาปนกิจศพ ปริก วิเศษภักดี มารดาหลวงรัตนสมบัติ 3/12/2473,,ชั้น 2,งานฌาปนกิจศพ,,ข้าราชการ กรมพระคลังมหาสมบัติ,
001597,วัดชินวราราม  พระอารามหลวง ปทุมธานี น้อมเกล้าฯ อุทิศกุศลถวายงานพระเมรุ พระเจ้าวรวงศ์เธอ กรมหลวงชินวรสิริวัฒน์ สมเด็จพระสังฆราชเจ้า เสด็จดับขันธ์สิ้นพระชนม์ 2481,,ชั้น 2,งานพระเมรุ 2481,,พระจุลคณิศร (วัดราชบพิตร),
001598,ประชุมพงษาวดาร ภาคที่ 11 พงษาวดารเมืองหลวงพระบาง งานศพ อำมาตย์เอก พระยาอุดรกิจพิจารณ์ พิศาลเกษตรพิสัย (สุด สาระสุทธิ์) 2462,,ชั้น 2,งานศพ 2462,,สวาดิ สาระสุทธิ์ (ธิดา),
001599,ประชุมพงศาวดาร ภาคที่ 81 ธนาคารแห่งประเทศไทย อนุสรณ์งานพระราชทานเพลิงศพ ม.ร.ว. ทองเถา ทองแถม วัดมกุฎกษัตริยาราม 18/12/2510,,ชั้น 2,งานพระราชทานเพลิงศพ,,สถิตย์ ภัทรศิริ,
001600,ประชุมพงศาวดาร ภาคที่ 67 จดหมายเหตุเกี่ยวกับเขมรและญวนในรัชกาลที่ 3 ตอนที่ 1 งานพระราชทานเพลิงศพ เสวกเอก พระยานครราชเสนี (สหัด สิงหเสนี) วัดเทพศิรินทราวาส 2483,,ชั้น 2,งานพระราชทานเพลิงศพ,,กรมศิลปากร,
001601,ประชุมพงศาวดาร ฉบับหอสมุดแห่งชาติ เล่ม 4 (ภาคที่ 7 - 11),,ชั้น 2,สำนักพิมพ์ก้าวหน้า,,กรมศิลปากร,
001602,ประชุมพงศาวดาร ฉบับหอสมุดแห่งชาติ เล่ม 10 (ภาคที่ 40 - 43),,ชั้น 2,สำนักพิมพ์ก้าวหน้า,,กรมศิลปากร,
001603,ประชุมพงศาวดาร ฉบับหอสมุดแห่งชาติ เล่ม 11 (ภาคที่ 44 - 45),,ชั้น 2,สำนักพิมพ์ก้าวหน้า,,กรมศิลปากร,
001604,ประชุมพงศาวดาร ฉบับหอสมุดแห่งชาติ เล่ม 13 (ภาคที่ 53 - 60),,ชั้น 2,สำนักพิมพ์ก้าวหน้า,,กรมศิลปากร,
001605,พระราชพิธี สิบสองเดือน พระราชนิพนธ์ ในพระบาทสมเด็จพระจุลจอมเกล้าเจ้าอยู่หัว,,ชั้น 2,สำนักพิมพ์ผ่านฟ้าพิทยา,,กรมพระยาดำรงราชานุภาพ,
001606,คำให้การกรุงเก่า / คำให้การขุนหลวงหาวัด และ พระราชพงศาวดารกรุงเก่า ฉบับหลวงประเสริฐอักษรนิติ์,,ชั้น 2,สำนักพิมพ์คลังวิทยา,,กรมศิลปากร,
001607,ลัทธิธรรมเนียมต่าง ๆ ฉบับหอสมุดแห่งชาติ ,,ชั้น 2,สำนักพิมพ์คลังวิทยา,,กรมศิลปากร,
001608,ลัทธิธรรมเนียมต่าง ๆ ฉบับหอสมุดแห่งชาติ เล่มจบ,,ชั้น 2,สำนักพิมพ์คลังวิทยา,,กรมศิลปากร,
001609,พงศาวดาร และ ลำดับวงศ์ตระกูลเมืองพัทลุง งานพระราชทานเพลิงศพ พระยาโสภณพัทลุงกุล (สว่าง ณ พัทลุง) วัดคูหาต่ำ จังหวัดพัทลุง 5/5/2476,,ชั้น 2,บ้านคูหาสวรรค์ จังหวัดพัทลุง,,หลวงเทพภักดียกกระบัตร์ (ทัย) บุตร,
001610,ตำนานพระแก้วมรกต ตำนานพระพุทธชินราช ตำนานพระพุทธชินศรี ตำนานพระศรีศาสดา และ ตำนานพระพุทธสิหิงค์ อนุสรณ์งานฌาปนกิจศพ นางเจียน ชัยสิทธิ์ยุทธภาร 19/10/2512,,ชั้น 2,กรมศิลปากร จัดพิมพ์,,พันเอกขุนชัยสิทธิ์ยุทธภาร (สวง ชัยสิทธิ์ยุทธภาร),
001611,เสด็จประพาสต้น ในรัชกาลที่ 5 (หนังสืออ่านเพิ่มเติม) พระราชนิพนธ์ พระบาทสมเด็จพระจุลจอมเกล้าเจ้าอยู่หัว และพระนิพนธ์ สมเด็จกรมพระยาดำรงราชานุภาพ,,ชั้น 2,กรมวิชาการ จัดพิมพ์,,หม่อมเจ้าหญิงสิบพันพารเสนอ โสณกุล,
001612,อธิบายถึงเรื่องเที่ยว เที่ยวทะเลตะวันออก เที่ยวมณฑลเพชรบูรณ์ เที่ยวน้ำตกเจ้าอนัมก๊กที่เกาะกูด เที่ยวไทรโยค 1101,,ชั้น 2,องค์การค้าของคุรุสภา,,สมเด็จฯ กรมพระยาดำรงราชานุภาพ,
001613,โดยสารเรือเมล์ไปยุโรป เที่ยวเมืองพม่า - พระเชี้ยวแก้วลังกา ไปเมืองเตอร์กี เที่ยวอินเดีย 1108,,ชั้น 2,องค์การค้าของคุรุสภา,,สมเด็จฯ กรมพระยาดำรงราชานุภาพ,
001614,บทละคอน เรื่อง พระมะเหลเถไถ บทละคอน เรื่อง อุณรุทร้อยเรื่อง กลอนเพลงยาว เรื่องหม่อมเป็ดสวรรค์ กลอนเพลงยาว เรื่อง พระอาการประชวรของกรมหมื่นอัปสรสุดาเทพ (ระเด่นลันได),,ชั้น 2,สำนักพิมพ์ศิลปาบรรณาคาร,,กรมศิลปากร,
001615,ชีวิตและงานของสุนทรภู่ พระนิพนธ์ สมเด็จฯ กรมพระยาดำรงราชานุภาพ,923,ชั้น 2,สำนักพิมพ์เสริมวิทย์บรรณาคาร,,กรมศิลปากร,
001616,เมืองทองของไทย (หนังสือชุด),,ชั้น 2,สำนักพิมพ์คลังวิทยา,,ต.อมาตยกุล,
001617,พระราชพงศาวดารกรุงรัตนโกสินทร์ รัชกาลที่ 5,959.1056,ชั้น 2,องค์การค้าของคุรุสภา,,เจ้าพระยาทิพากรวงศ์,
001618,เรื่องพระร่วง เที่ยวเมืองพระร่วง คำอ่านและคำแปลจารึกสุโขทัย สุภาษิตพระร่วง ไตรภูมิพระร่วง ฉบับหอสมุดแห่งชาติ,,ชั้น 2,สำนักพิมพ์ศิลปาบรรณาคาร,,กรมศิลปากร,
001619,ข่าเจือง : กบฏไพร่ - ขบวนการผู้มีบุญหลังสถาปนาพระราชอาณาเขต สยาม - ล้านช้าง หนังสือชุด ประวัติศาสตร์สำหรับประชาชน,959.373,ชั้น 2,สำนักพิมพ์เมืองโบราณ,,กำพล จำปาพันธ์,
001620,สุราษฏร์ธานี เมืองคนดีศรีแผ่นดิน (หนังสืออ่านเพิ่มเติมกลุ่มสาระการเรียนรู้สังคมศึกษา ศาสนาและวัฒนธรรม ,959.382,ชั้น 2,ศูนย์พัฒนาหนังสือ กรมวิชาการ กระทรวงศึกษาธิการ,,ประพัฒน์พงศ์ เสนาฤทธิ์,
001621,ธรณีวิทยาประเทศไทย (เฉลิมพระเกียรติพระบาทสมเด็จจพระเจ้าอยู่หัว 6 รอบ 5 ธันวาคม 2542),551.9,ชั้น 2,กรมทรัพยากรธรณี กระทรวงอุตสาหกรรม,,นภดล มัณฑะจิตร,
001622,พระพุทธสิริมารวิชัย พระพุทธเจ้าผู้ชนะมารด้วยสิริ,294.31875,ชั้น 2,กรมศิลปากร/ธนาคารไทยพาณิชย์ จำกัด (มหาชน),,สหวัฒน์ แน่นหนา,
001623,เล่าเรืองเหมืองแร่ในเมืองไทย :  เมฆปริศนา ประวัติศาสตร์บอกเล่าเรื่องเหมืองแร่ในเมืองไทย,622.2,ชั้น 2,สำนักงานคณะกรรมการสุขภาพแห่งชาติ (สข.),,บำเพ็ญ ไชยรักษ์,
001624,เล่าเรื่องเหมืองแร่ในเมืองไทย :  รอยเหมือง สารคดีภาพเล่าเรื่องเหมืองแร่ในเมืองไทย,622.2,ชั้น 2,สำนักงานคณะกรรมการสุขภาพแห่งชาติ (สข.),,เริงฤทธิ์ คงเมือง,
001625,สงขลา เมืองสองเล เสน่ห์เหนือเวลา {Songkhla},959.1,ชั้น 2,สำนักงานเทศบาลนครสงขลา,,จิระนันท์ พิตรปรีชา,
001626,พระกฐินพระราชทาน ทอด ณ วัดอินทาราม พระอารามหลวง จังหวัดชลบุรี 8/11/2524 ,294.33,ชั้น 2,ธนาคารกรุงเทพ จำกัด จัดพิมพ์,,*-*,
001627,หลักการวาด,741,ชั้น 2,สำนักพิมพ์เมืองโบราณ,,น.ณ ปากน้ำ,
001628,ของดีเมืองปทุม,915.93,ชั้น 2,ศูนย์วัฒนธรรมจังหวัดปทุมธานี / สถาบันราชภัฏเพชรบุรีวิทยาลัยลงกรณ์ฯ,,ร้อยเอกศรีรัตน์ หริรักษ์,
001629,นิทานพื้นบ้าน ใน จังหวัดสุรินทร์ - ศรีสะเกษ (เอกสารวัฒนธรรม ชุดที่ 2),398.2,ชั้น 2,ศูนย์วัฒนธรรมจังหวัดสุรินทร์ / วิทยาลัยครูสุรินทร์,,สมจิตร พ่วงบุตร,
001630,สดุดีบุคคลสำคัญ เล่ม 18,929.7,ชั้น 2,สำนักงานเสริมสร้างเอกลักษณ์ของชาติ - สำนักงานปลัดสำนักนายกรัฐมนตรี,,จารุดี ผโลประการ,
001631,คลองเจือแห่งพระเจ้ากือนา (เรียบเรียงจากเอกสารโบราณ / มองภาพชีวิตและโลกทัศน์ของสังคมลานนาไทยในอดีต โดยเฉพาะด้านชนชั้น การค้าขาย การใช้เงินทอง และการใช้ทาส),959.33,ชั้น 2,สำนักพิมพ์สุกัญญา 2528,,สุรสิงห์สำรวม ฉิมพะเนาว์,
001632,สิ่งแวดล้อมศิลปกรรม จังหวัดศรีสะเกษ (หน่วยอนุรักษ์สิ่งแวดล้อมศิลปกรรมท้องถิ่น),959.3,ชั้น 2,ศูนย์วัฒนธรรมจังหวัดศรีสะเกษ โรงเรียนศรีสะเกษวิทยาลัย,,ปราชญ์ ชาวสวน,
001633,เอกสารประกอบการสัมมนา ประวัติศาสตร์เมืองลพบุรี,959.3,ชั้น 2,วิทยาลัยครูเทพสตรี ลพบุรี 6-8/12/2522,,อธิการวิทยาลัยครูเทพสตรี,
001634,เอกสารประกอบการสัมมนา ประวัติศาสตร์และโบราณคดีอุบลราชธานี ครั้งที่ 3 ,959.3,ชั้น 2,กรมการฝึกหัดครู วิทยาลัยครูอุบลราชธานี และจังหวัดอุบลราชธานี,,ปุณณะ ภูสะ,
001635,เอกสารประกอบการสัมมนา เรื่อง ชลบุรี : ประวัติศาสตร์และศิลปวัฒนธรรม เล่มที่ 1,959.3,ชั้น 2,มหาวิทยาลัยศรีนครินทรวิโรฒ บางแสน จังหวัดชลบุรี,,ชาตรี เมืองนาโพธิ์ ,
001636,การสัมมนาทางวิชาการ เรื่อง สงขลาศึกษา : ประวัติศาตร์และโบราณคดีเมืองสงขลา,959.3,ชั้น 2,สถาบันทักษิณคดีศึกษา จังหวัดสงขลา,,พรศักดิ์ พรหมแก้ว และคณะ,
001637,"วิทยานิพนธ์ : ความขัดแย้งและการปรับตัวของชาวประมงพื้นบ้าน ชายฝั่งทะเลตะวันออกภาคใต้ [Conflicts and Adaptation of the Fisherfolk in Eastem Shores, Southern Thailand]",*-*,ชั้น 2,มหาวิทยาลัยมหาสารคาม,,พรพันธุ์ เขมคุณาศัย,
001638,ความรู้ท้องถิ่น การจัดการความรู้สู่การจัดการทางสังคม,120,ชั้น 2,วิทยาลัยการจัดการทางสังคม (วจส.),,ภาสกร อินทุมาร,
001639,หนังอุษาคเนย์ : การศึกษาภาพยนตร์แนววัฒนธรรมศึกษา,*070.18,ชั้น 2,โครงการเอเชียตะวันออกเฉียงใต้ศึกษา,,กำจร หลุยยะพงศ์,
001640,โบราณคดีชุมชน การจัดการอดีตของชาวบ้านกับการพัฒนาชุมชน,306.4,ชั้น 2,โครงการโบราณคดีชุมชน,,สายันต์ ไพรชาญจิตร์,
001641,แหลมอินโดจีนสมัยโบราณ (ฉบับพิมพ์ครั้งที่ 5),959.3,ชั้น 2,คณะศิลปศาสตร์ มหาวิทยาลัยธรรมศาสตร์ 2545,,เสฐียรโกเศศ,
001642,นักล่าปราสาท เที่ยวโบราณสถานขอมนอกเมืองพระนคร,359.6,ชั้น 2,สำนักพิมพ์เมืองโบราณ,,วิชชุ เวชชาชีวะ,
001643,พัฒนาการทางสังคม - วัฒนธรรมไทย {Socio - Cultural Development in Thai History} ความรู้เรื่องเมืองไทย เล่มที่ 1,303.4,ชั้น 2,สำนักพิมพ์อมรินทร์,,ศรีศักร วัลลิโภดม,
001644,เที่ยววัด.....เที่ยววา.....ชมปูนปั้นล้านนา (สารคดีท่องเที่ยวเชิงประวัติศาสตร์),721.0446,ชั้น 2,สำนักพิมพ์สายธาร,,ม.ล.สุรสวัสดิ์ สุขสวัสดิ์,
001645,พุทธสถานที่ถูกลืมในอินเดีย {Unseen Buddhist Places in India},954,ชั้น 2,บริษัท เคล็ดไทย จำกัด ,,พระมหาดาวสยาม วชิรปัญโญ,
001646,สยามพิมพการ : ประวัติศาสตร์การพิมพ์ในประเทศไทย,686.22,ชั้น 2,สำนักพิมพ์มติชน,,คณะทำงานประวัติศาสตร์การพิมพ์ในประเทศไทย,
001647,"การเมือง ""อุบายมารยา"" แบบมาคิอาเวลล์ {Macchiavell} ของ พระเจ้าปราสาททอง",959.337,ชั้น 2,สำนักพิมพ์มติชน,,สุจิตต์ วงษ์เทศ,
001648,"สมเด็จฯ เจ้าฟ้ากรมพระยานริศรานุวัติติวงศ์ ""สมเด็จครู"" นายช่างใหญ่แห่งกรุงสยาม",923.2,ชั้น 2,สำนักพิมพ์มติชน,,สุรศักดิ์ เจริญวงศ์,
001649,อู่อารยธรรมแหลมทองคาบสมุทรไทย,959.31,ชั้น 2,สำนักพิมพ์มติชน,,ศรีศักร วัลลิโภดม,
001650,ญี่ปุ่นสร้างชาติ ด้วยความรักและภักดี ภูมิหลังทางวัฒนธรรมของสังคมญี่ปุ่น,952,ชั้น 2,สำนักพิมพ์มติชน,,ยุพา คลังสุวรรณ,
001651,ซุ้มรับเสด็จพระพุทธเจ้าหลวง (สมัยรัชกาลที่ 5),959.373,ชั้น 2,สำนักพิมพ์มติชน,,ยุวดี ศิริ,
001652,สยามประเทศ : ภูมิหลังของประเทศไทยตั้งแต่ยุคดึกดำบรรพ์ จนถึงสมัยของกรุงศรีอยุธยาราชอาณาจักรสยาม,959.11,ชั้น 2,สำนักพิมพ์มติชน,,ศรีศักร วัลลิโภดม,
001653,แอ่งอารยธรรมอีสาน ,959.3,ชั้น 2,สำนักพิมพ์มติชน,,ศรีศักร วัลลิโภดม,
001654,บาดแผลอเมริกา : สงครามกับเสรีภาพในประวัติศาสตร์สหรัฐอเมริกา,973.3,ชั้น 2,สำนักพิมพ์มติชน,,รศ.ดร.ธเนศ อาภรณ์สุวรรณ,
001655,จารึกพ่อขุนรามคำแหง วรรณคดีประวัติศาสตร์การเมืองแห่งกรุงสยาม,959.322,ชั้น 2,สำนักพิมพ์มติชน,,รศ.ดร.ธเนศ อาภรณ์สุวรรณ,
001656,หอมติดกระดาน (เรื่องเล่าชีวิตสาวชาววัง),923.2,ชั้น 2,สำนักพิมพ์มติชน,,ศันสนีย์ วีระศิลป์ชัย,
001657,สุววรณภูมิ อยู่ที่นี่ ที่แผ่นดินสยาม,959.3,ชั้น 2,สำนักพิมพ์มติชน,,สุจิตต์ วงษ์เทศ,
001658,เรื่องราวของคุณหมอ ปานทิพย์ วิริยะพานิช {Dr.Panthip Viriyapanich the Story} เล่ม 1 - เล่ม 2,,ชั้น 2,"จัดพิมพ์โดย Classic Scan Co,Ltd.",,เภสัชกรหญิง วลิสา วิริยะพานิช,
001659,วิทยานิพนธ์ : ลวงลุ่มน้ำโขง : พื้นที่ทางเศรษฐกิจและสังคมของชุมชนบริเวณพรมแดนไทย - ลาว,,ชั้น 2,มหาวิทยาลัยมหาสารคาม,,สพสันต์ เพชรคำ,
001660,วิทยานิพนธ์ : การปรับเปลี่ยนอัตลักษณ์ทางวัฒนธรรมของชุมชนไทใหญ่ ในจังหวัดแม่ฮ่องสอน ,,ชั้น 2,มหาวิทยาลัยราชภัฎเชียงใหม่ 2554,,ผู้ช่วยศาสตราจารย์ศักราช ฟ้าขาว,
001661,วิทยานิพนธ์ : เมืองลอง ความผันแปรของเมืองขนาดเล็กในล้านนา จากรัฐจารีตถึงปัจจุบัน,,ชั้น 2,บัณฑิตวิทยาลัย มหาวิทยาลัยเชียงใหม่ เมษายน 2552,,ภูเดช แสนสา,
001662,รายงานความก้าวหน้า 6 เดือนแรก : โครงการการสร้างความเข็มแข็งของชุมชนท้องถิ่น โดยกระบวนการเรียนรู้จากภายใน 2547 - 2548,,ชั้น 2,สำนักงานกองทุนสนับสนุนการวิจัย (สกว.),,ศรีศักร วัลลิโภดม และคณะ,
001663,อภิธานศัพท์ช่างสถาปัตยกรรมไทย 2 ,720.9593 ส42อ ล2,ชั้น 2,คณะสถาปัตยกรรมศาสตร์ มหาวิทยาลัยศิลปากร 2559,,สมคิด จิระทัศนกุล,
001664,อภิธานศัพท์ช่างสถาปัตยกรรมไทย 3,720.9593 ส42อ ล3,ชั้น 2,คณะสถาปัตยกรรมศาสตร์ มหาวิทยาลัยศิลปากร 2559,,สมคิด จิระทัศนกุล,
001665,นพมณีกาญจน์ในรอยพระบาทยาตรากาญจนบุรี,923.1593 ภ74ก,ชั้น 2,สำนักศิลปะและวัฒนธรรม มหาวิทยาลัยราชภัฏกาญจนบุรี ,,ผศ.ฟ้อน เปรมพันธุ์ และคณะ,
001666,"เปิดโลก..เรียนรู้ ""ฅน"" ตำบลนาบัว",,ชั้น 2,องค์การบริหารส่วนตำบลนาบัว ตำบลนาบัว อำเภอนครไทย จังหวัดพิษณุโลก,,ประเจตน์ หมื่นพันธ์ และคณะ,
001667,เครื่องจักสานภาคเหนือ,746.412 ส261ค,ชั้น 2,ห้างหุ้นส่วนจำกัดสำนักพิมพ์ซิลค์เวอร์บุคส์ ,,สมปอง เพ็งจันทร์,
001668,คนข้ามแดน ความเรียงว่าด้วยมานุษยวิทยา,306,ชั้น 2,ศูนย์ศึกษาชาติพันธุ์และการพัฒนา คณะสังคมศาสตร์ มหาวิทยาลัยเชียงใหม่,,พัฒนา กิติอาษา,
001669,ย้อนรอยกรุงเก่า ณ กาญจนบุรี ,,ชั้น 2,จังหวัดกาญจนบุรี ,,"ฟ้อน เปรมพันธ์, สมชาย แสงชัยศรียากุล",
001670,เสน่ห์แห่งศรัทธาสะพานอุตตมานุสรณ์,,ชั้น 2,,,วสันต์ พันธุมกุล (บรรณาธิการ),
001671,กำแพงเพชร นครโบราณ อลังการศิลปกรรม,959.363,ชั้น 2,สำนักพิมพ์มติชน,,รองศาสตราจารย์ประภัสสร์ ชูวิเชียร,
001672,สยามาณานิคม มณฑลพายัพ ,,ชั้น 2,สำนักงานบริหารงานวิจัย มหาวิทยาลัยเชียงใหม่,,ภิญญพันธุ์ พจนะลาวัณย์,
001673,พวนเมืองพรหม เรื่องเล่าชีวิตชนบทของลูกพวนสิงห์บุรี,305.8950593,ชั้น 2,KnowledgePlus,,"สัมพันธ์ เรืองสกุล,นวพร เรืองสกุล",
001674,ด้ำ แถน กำเนิดรัฐไท,305.89591,ชั้น 2,ชนนิยม,,ชลธิรา สัตยาวัฒนา,
001675,จอมพล ป. พิบูลสงครามและท่านผู้หญิงละเอียดกับการเมืองไทยสมัยใหม่ ,,ชั้น 2,มูลนิธิโครงการตำราสังคมศาสตร์และมนุษยศาสตร์,,ชาญวิทย์ เกษตรศิริ,
001676,ยุคสมัยและกษัตริย์อย่างใหม่ในพระราชพิธีสิบสองเดือน,390.22,ชั้น 2,Illumination Editions,,คงสัจจา สุวรรณเพ็ชร (บรรณาธิการ),
001677,Getting Land Right ระบบกำกับดูแลที่ดินไทยต้องปฏิรูป,333.73,ชั้น 2,สำนักพิมพ์มติชน,,ผาสุก พงษ์ไพจิตร (บรรณาธิการ),
001678,ภูมิประวัติศาสตร์ในมุมมองหมอพยงค์,911,ชั้น 2,สำนักศิลปะและวัฒนธรรม มหาวิทยาลัยราชภัฏกาญจนบุรี ,,ฟ้อน เปรมพันธ์,
001679,คู่มือนำชม 33 พระอารามหลวงแห่งกรุงรัตนโกสินทร์,294.3135,ชั้น 2,สำนักพิมพ์เมืองโบราณ,,ศาสตราจารย์ ดร. ศักดิ์ชัย สายสิงห์,
001680,รอยทางเจริญธรรม,BQ940.จ74 ส46 2557,ชั้น 2,สำนักศิลปะและวัฒนธรรม มหาวิทยาลัยราชภัฏกาญจนบุรี ,,สมปอง ดวงไสว,
001681,ตลาดในกรุงเทพฯ การขยายตัวและพัฒนาการ 1 (สำเนา),[TAIC]35591,ชั้น 2,ฝ่ายวิจัย จุฬาลงกรณ์มหาวิทยาลัย,,เกียรติ จิวะกุล และคณะ,
001682,ตลาดในกรุงเทพฯ การขยายตัวและพัฒนาการ 2 (สำเนา),[TAIC]35591,ชั้น 2,ฝ่ายวิจัย จุฬาลงกรณ์มหาวิทยาลัย,,เกียรติ จิวะกุล และคณะ,
001683,คลองในกรุงเทพฯ (สำเนา) ,[TAIC]35589,ชั้น 2,ฝ่ายวิจัย จุฬาลงกรณ์มหาวิทยาลัย,,ปิยนาถ บุนนาค และคณะ,
001684,ต้นรากเพชรบุรี ยุคก่อนประวัติศาสตร์และยุคทวารวดี,,ชั้น 2,ศูนย์วิจัยสิงขร-มะริดศึกษา มหาวิทยาลัยราชภัฏเพชรบุรี,,ศูนย์วิจัยสิงขร-มะริดศึกษา มหาวิทยาลัยราชภัฏเพชรบุรี,
001685,ระหว่างหมอนรถไฟ ลมหายใจเส้นทางสายมรณะ,,ชั้น 2,สำนักศิลปะและวัฒนธรรม มหาวิทยาลัยราชภัฏกาญจนบุรี ,,ภราดร ศักดา,
001686,ระบบกำกับดูแลที่ดินไทยต้องปฏิรูป,,ชั้น 2,สำนักพิมพ์มติชน,,ผาสุก พงษ์ไพจิตร บรรณาธิการ,
001687,จิตรกรรมไทย สมัยรัชกาลที่ 3 ความคิดเปลี่ยนการแสดงออกก็เปลี่ยนตาม,759.593,ชั้น 2,สำนักพิมพ์เมืองโบราณ,,ศาสตราจารย์ ดร.สันติ เล็กสุขุม,